cardholder_id,month,mcc_category,spend_amount
1,2024-01-01,Dining & restaurants,319.92
2,2024-01-01,Dining & restaurants,81.57
3,2024-01-01,Dining & restaurants,247.41
4,2024-01-01,Dining & restaurants,129.52
5,2024-01-01,Dining & restaurants,807.65
6,2024-01-01,Dining & restaurants,742.21
7,2024-01-01,Dining & restaurants,615.14
8,2024-01-01,Dining & restaurants,187.63
9,2024-01-01,Dining & restaurants,171.3
10,2024-01-01,Dining & restaurants,293.77
11,2024-01-01,Dining & restaurants,935.3
12,2024-01-01,Dining & restaurants,111.2
13,2024-01-01,Dining & restaurants,249.19
14,2024-01-01,Dining & restaurants,307.18
15,2024-01-01,Dining & restaurants,184.86
16,2024-01-01,Dining & restaurants,870.31
17,2024-01-01,Dining & restaurants,145.68
18,2024-01-01,Dining & restaurants,630.18
19,2024-01-01,Dining & restaurants,395.5
20,2024-01-01,Dining & restaurants,646.89
21,2024-01-01,Dining & restaurants,363.58
22,2024-01-01,Dining & restaurants,369.25
23,2024-01-01,Dining & restaurants,162.12
24,2024-01-01,Dining & restaurants,569.65
25,2024-01-01,Dining & restaurants,167.0
26,2024-01-01,Dining & restaurants,388.25
27,2024-01-01,Dining & restaurants,493.66
28,2024-01-01,Dining & restaurants,42.84
29,2024-01-01,Dining & restaurants,139.68
30,2024-01-01,Dining & restaurants,738.83
31,2024-01-01,Dining & restaurants,394.65
32,2024-01-01,Dining & restaurants,356.73
33,2024-01-01,Dining & restaurants,528.22
34,2024-01-01,Dining & restaurants,75.11
35,2024-01-01,Dining & restaurants,85.05
36,2024-01-01,Dining & restaurants,89.79
37,2024-01-01,Dining & restaurants,336.2
38,2024-01-01,Dining & restaurants,926.87
39,2024-01-01,Dining & restaurants,112.88
40,2024-01-01,Dining & restaurants,1411.54
41,2024-01-01,Dining & restaurants,570.32
42,2024-01-01,Dining & restaurants,97.61
43,2024-01-01,Dining & restaurants,521.24
44,2024-01-01,Dining & restaurants,84.98
45,2024-01-01,Dining & restaurants,202.14
46,2024-01-01,Dining & restaurants,869.6
47,2024-01-01,Dining & restaurants,136.51
48,2024-01-01,Dining & restaurants,365.56
49,2024-01-01,Dining & restaurants,155.66
50,2024-01-01,Dining & restaurants,139.59
51,2024-01-01,Dining & restaurants,173.24
52,2024-01-01,Dining & restaurants,285.0
53,2024-01-01,Dining & restaurants,73.48
54,2024-01-01,Dining & restaurants,251.4
55,2024-01-01,Dining & restaurants,111.57
56,2024-01-01,Dining & restaurants,246.23
57,2024-01-01,Dining & restaurants,945.96
58,2024-01-01,Dining & restaurants,533.22
59,2024-01-01,Dining & restaurants,321.5
60,2024-01-01,Dining & restaurants,478.69
61,2024-01-01,Dining & restaurants,211.54
62,2024-01-01,Dining & restaurants,469.73
63,2024-01-01,Dining & restaurants,224.75
64,2024-01-01,Dining & restaurants,375.47
65,2024-01-01,Dining & restaurants,325.77
66,2024-01-01,Dining & restaurants,110.94
67,2024-01-01,Dining & restaurants,928.08
68,2024-01-01,Dining & restaurants,158.15
69,2024-01-01,Dining & restaurants,1179.94
70,2024-01-01,Dining & restaurants,143.81
71,2024-01-01,Dining & restaurants,134.39
72,2024-01-01,Dining & restaurants,182.17
73,2024-01-01,Dining & restaurants,491.81
74,2024-01-01,Dining & restaurants,180.98
75,2024-01-01,Dining & restaurants,124.34
76,2024-01-01,Dining & restaurants,147.81
77,2024-01-01,Dining & restaurants,590.22
78,2024-01-01,Dining & restaurants,1189.54
79,2024-01-01,Dining & restaurants,219.37
80,2024-01-01,Dining & restaurants,250.86
81,2024-01-01,Dining & restaurants,361.97
82,2024-01-01,Dining & restaurants,143.27
83,2024-01-01,Dining & restaurants,54.04
84,2024-01-01,Dining & restaurants,2131.73
85,2024-01-01,Dining & restaurants,165.79
86,2024-01-01,Dining & restaurants,216.7
87,2024-01-01,Dining & restaurants,118.9
88,2024-01-01,Dining & restaurants,121.44
89,2024-01-01,Dining & restaurants,57.11
90,2024-01-01,Dining & restaurants,162.14
91,2024-01-01,Dining & restaurants,447.69
92,2024-01-01,Dining & restaurants,220.97
93,2024-01-01,Dining & restaurants,154.43
94,2024-01-01,Dining & restaurants,124.28
95,2024-01-01,Dining & restaurants,248.04
96,2024-01-01,Dining & restaurants,170.31
97,2024-01-01,Dining & restaurants,177.1
98,2024-01-01,Dining & restaurants,99.56
99,2024-01-01,Dining & restaurants,1577.14
100,2024-01-01,Dining & restaurants,430.67
101,2024-01-01,Dining & restaurants,575.48
102,2024-01-01,Dining & restaurants,124.44
103,2024-01-01,Dining & restaurants,78.82
104,2024-01-01,Dining & restaurants,176.17
105,2024-01-01,Dining & restaurants,74.16
106,2024-01-01,Dining & restaurants,488.85
107,2024-01-01,Dining & restaurants,348.97
108,2024-01-01,Dining & restaurants,113.19
109,2024-01-01,Dining & restaurants,99.28
110,2024-01-01,Dining & restaurants,244.36
111,2024-01-01,Dining & restaurants,126.02
112,2024-01-01,Dining & restaurants,304.67
113,2024-01-01,Dining & restaurants,84.92
114,2024-01-01,Dining & restaurants,562.95
115,2024-01-01,Dining & restaurants,171.59
116,2024-01-01,Dining & restaurants,605.02
117,2024-01-01,Dining & restaurants,95.0
118,2024-01-01,Dining & restaurants,547.32
119,2024-01-01,Dining & restaurants,167.8
120,2024-01-01,Dining & restaurants,58.65
121,2024-01-01,Dining & restaurants,293.17
122,2024-01-01,Dining & restaurants,180.67
123,2024-01-01,Dining & restaurants,772.65
124,2024-01-01,Dining & restaurants,847.49
125,2024-01-01,Dining & restaurants,221.34
126,2024-01-01,Dining & restaurants,238.01
127,2024-01-01,Dining & restaurants,78.62
128,2024-01-01,Dining & restaurants,127.26
129,2024-01-01,Dining & restaurants,2329.34
130,2024-01-01,Dining & restaurants,110.17
131,2024-01-01,Dining & restaurants,262.65
132,2024-01-01,Dining & restaurants,646.37
133,2024-01-01,Dining & restaurants,1118.81
134,2024-01-01,Dining & restaurants,237.82
135,2024-01-01,Dining & restaurants,133.89
136,2024-01-01,Dining & restaurants,309.53
137,2024-01-01,Dining & restaurants,408.63
138,2024-01-01,Dining & restaurants,81.26
139,2024-01-01,Dining & restaurants,324.25
140,2024-01-01,Dining & restaurants,238.76
141,2024-01-01,Dining & restaurants,49.58
142,2024-01-01,Dining & restaurants,492.58
143,2024-01-01,Dining & restaurants,77.61
144,2024-01-01,Dining & restaurants,714.74
145,2024-01-01,Dining & restaurants,391.1
146,2024-01-01,Dining & restaurants,427.95
147,2024-01-01,Dining & restaurants,222.14
148,2024-01-01,Dining & restaurants,314.9
149,2024-01-01,Dining & restaurants,474.26
150,2024-01-01,Dining & restaurants,162.66
151,2024-01-01,Dining & restaurants,170.39
152,2024-01-01,Dining & restaurants,1318.18
153,2024-01-01,Dining & restaurants,764.74
154,2024-01-01,Dining & restaurants,113.62
155,2024-01-01,Dining & restaurants,144.46
156,2024-01-01,Dining & restaurants,353.26
157,2024-01-01,Dining & restaurants,112.41
158,2024-01-01,Dining & restaurants,109.53
159,2024-01-01,Dining & restaurants,138.3
160,2024-01-01,Dining & restaurants,210.55
161,2024-01-01,Dining & restaurants,175.28
162,2024-01-01,Dining & restaurants,201.35
163,2024-01-01,Dining & restaurants,70.06
164,2024-01-01,Dining & restaurants,239.22
165,2024-01-01,Dining & restaurants,374.25
166,2024-01-01,Dining & restaurants,318.74
167,2024-01-01,Dining & restaurants,384.11
168,2024-01-01,Dining & restaurants,608.87
169,2024-01-01,Dining & restaurants,554.67
170,2024-01-01,Dining & restaurants,117.94
171,2024-01-01,Dining & restaurants,178.69
172,2024-01-01,Dining & restaurants,274.88
173,2024-01-01,Dining & restaurants,447.35
174,2024-01-01,Dining & restaurants,461.23
175,2024-01-01,Dining & restaurants,172.04
176,2024-01-01,Dining & restaurants,728.7
177,2024-01-01,Dining & restaurants,260.75
178,2024-01-01,Dining & restaurants,134.66
179,2024-01-01,Dining & restaurants,184.35
180,2024-01-01,Dining & restaurants,210.1
181,2024-01-01,Dining & restaurants,1207.09
182,2024-01-01,Dining & restaurants,1879.95
183,2024-01-01,Dining & restaurants,199.67
184,2024-01-01,Dining & restaurants,79.06
185,2024-01-01,Dining & restaurants,409.45
186,2024-01-01,Dining & restaurants,353.76
187,2024-01-01,Dining & restaurants,138.58
188,2024-01-01,Dining & restaurants,138.47
189,2024-01-01,Dining & restaurants,204.83
190,2024-01-01,Dining & restaurants,230.86
191,2024-01-01,Dining & restaurants,746.65
192,2024-01-01,Dining & restaurants,88.61
193,2024-01-01,Dining & restaurants,92.39
194,2024-01-01,Dining & restaurants,373.37
195,2024-01-01,Dining & restaurants,416.27
196,2024-01-01,Dining & restaurants,160.21
197,2024-01-01,Dining & restaurants,88.98
198,2024-01-01,Dining & restaurants,90.51
199,2024-01-01,Dining & restaurants,440.9
200,2024-01-01,Dining & restaurants,94.82
201,2024-01-01,Dining & restaurants,176.54
202,2024-01-01,Dining & restaurants,394.0
203,2024-01-01,Dining & restaurants,289.79
204,2024-01-01,Dining & restaurants,49.49
205,2024-01-01,Dining & restaurants,163.05
206,2024-01-01,Dining & restaurants,1278.99
207,2024-01-01,Dining & restaurants,555.94
208,2024-01-01,Dining & restaurants,293.79
209,2024-01-01,Dining & restaurants,572.81
210,2024-01-01,Dining & restaurants,356.55
211,2024-01-01,Dining & restaurants,191.62
212,2024-01-01,Dining & restaurants,146.29
213,2024-01-01,Dining & restaurants,160.18
214,2024-01-01,Dining & restaurants,450.04
215,2024-01-01,Dining & restaurants,97.76
216,2024-01-01,Dining & restaurants,145.98
217,2024-01-01,Dining & restaurants,254.74
218,2024-01-01,Dining & restaurants,197.07
219,2024-01-01,Dining & restaurants,250.33
220,2024-01-01,Dining & restaurants,101.38
221,2024-01-01,Dining & restaurants,115.5
222,2024-01-01,Dining & restaurants,106.72
223,2024-01-01,Dining & restaurants,599.46
224,2024-01-01,Dining & restaurants,154.18
225,2024-01-01,Dining & restaurants,143.47
226,2024-01-01,Dining & restaurants,604.54
227,2024-01-01,Dining & restaurants,60.88
228,2024-01-01,Dining & restaurants,204.97
229,2024-01-01,Dining & restaurants,254.98
230,2024-01-01,Dining & restaurants,79.55
231,2024-01-01,Dining & restaurants,92.89
232,2024-01-01,Dining & restaurants,102.29
233,2024-01-01,Dining & restaurants,377.26
234,2024-01-01,Dining & restaurants,192.74
235,2024-01-01,Dining & restaurants,160.42
236,2024-01-01,Dining & restaurants,392.71
237,2024-01-01,Dining & restaurants,499.43
238,2024-01-01,Dining & restaurants,415.24
239,2024-01-01,Dining & restaurants,82.85
240,2024-01-01,Dining & restaurants,534.74
241,2024-01-01,Dining & restaurants,171.73
242,2024-01-01,Dining & restaurants,41.59
243,2024-01-01,Dining & restaurants,40.91
244,2024-01-01,Dining & restaurants,289.46
245,2024-01-01,Dining & restaurants,810.62
246,2024-01-01,Dining & restaurants,116.44
247,2024-01-01,Dining & restaurants,381.35
248,2024-01-01,Dining & restaurants,261.23
249,2024-01-01,Dining & restaurants,88.91
250,2024-01-01,Dining & restaurants,212.05
251,2024-01-01,Dining & restaurants,312.48
252,2024-01-01,Dining & restaurants,376.96
253,2024-01-01,Dining & restaurants,296.19
254,2024-01-01,Dining & restaurants,369.61
255,2024-01-01,Dining & restaurants,121.68
256,2024-01-01,Dining & restaurants,95.88
257,2024-01-01,Dining & restaurants,189.26
258,2024-01-01,Dining & restaurants,128.09
259,2024-01-01,Dining & restaurants,78.17
260,2024-01-01,Dining & restaurants,1572.7
261,2024-01-01,Dining & restaurants,97.28
262,2024-01-01,Dining & restaurants,186.76
263,2024-01-01,Dining & restaurants,540.97
264,2024-01-01,Dining & restaurants,239.79
265,2024-01-01,Dining & restaurants,246.15
266,2024-01-01,Dining & restaurants,792.37
267,2024-01-01,Dining & restaurants,93.65
268,2024-01-01,Dining & restaurants,567.81
269,2024-01-01,Dining & restaurants,598.2
270,2024-01-01,Dining & restaurants,541.25
271,2024-01-01,Dining & restaurants,101.68
272,2024-01-01,Dining & restaurants,352.71
273,2024-01-01,Dining & restaurants,231.57
274,2024-01-01,Dining & restaurants,66.19
275,2024-01-01,Dining & restaurants,175.62
276,2024-01-01,Dining & restaurants,220.21
277,2024-01-01,Dining & restaurants,354.23
278,2024-01-01,Dining & restaurants,459.89
279,2024-01-01,Dining & restaurants,243.99
280,2024-01-01,Dining & restaurants,532.84
281,2024-01-01,Dining & restaurants,408.31
282,2024-01-01,Dining & restaurants,142.92
283,2024-01-01,Dining & restaurants,1191.51
284,2024-01-01,Dining & restaurants,1434.96
285,2024-01-01,Dining & restaurants,73.3
286,2024-01-01,Dining & restaurants,448.54
287,2024-01-01,Dining & restaurants,209.15
288,2024-01-01,Dining & restaurants,140.7
289,2024-01-01,Dining & restaurants,216.36
290,2024-01-01,Dining & restaurants,347.26
291,2024-01-01,Dining & restaurants,239.91
292,2024-01-01,Dining & restaurants,764.95
293,2024-01-01,Dining & restaurants,545.33
294,2024-01-01,Dining & restaurants,610.46
295,2024-01-01,Dining & restaurants,282.83
296,2024-01-01,Dining & restaurants,235.9
297,2024-01-01,Dining & restaurants,422.32
298,2024-01-01,Dining & restaurants,320.1
299,2024-01-01,Dining & restaurants,116.61
300,2024-01-01,Dining & restaurants,468.8
301,2024-01-01,Dining & restaurants,2012.27
302,2024-01-01,Dining & restaurants,119.16
303,2024-01-01,Dining & restaurants,204.75
304,2024-01-01,Dining & restaurants,127.48
305,2024-01-01,Dining & restaurants,86.36
306,2024-01-01,Dining & restaurants,53.8
307,2024-01-01,Dining & restaurants,261.96
308,2024-01-01,Dining & restaurants,157.95
309,2024-01-01,Dining & restaurants,124.11
310,2024-01-01,Dining & restaurants,338.89
311,2024-01-01,Dining & restaurants,1705.79
312,2024-01-01,Dining & restaurants,831.8
313,2024-01-01,Dining & restaurants,379.0
314,2024-01-01,Dining & restaurants,53.59
315,2024-01-01,Dining & restaurants,286.15
316,2024-01-01,Dining & restaurants,276.47
317,2024-01-01,Dining & restaurants,233.18
318,2024-01-01,Dining & restaurants,272.78
319,2024-01-01,Dining & restaurants,1151.92
320,2024-01-01,Dining & restaurants,297.47
321,2024-01-01,Dining & restaurants,68.04
322,2024-01-01,Dining & restaurants,288.28
323,2024-01-01,Dining & restaurants,312.3
324,2024-01-01,Dining & restaurants,2367.05
325,2024-01-01,Dining & restaurants,133.91
326,2024-01-01,Dining & restaurants,134.23
327,2024-01-01,Dining & restaurants,118.11
328,2024-01-01,Dining & restaurants,159.66
329,2024-01-01,Dining & restaurants,185.95
330,2024-01-01,Dining & restaurants,257.27
331,2024-01-01,Dining & restaurants,261.07
332,2024-01-01,Dining & restaurants,113.72
333,2024-01-01,Dining & restaurants,742.5
334,2024-01-01,Dining & restaurants,829.58
335,2024-01-01,Dining & restaurants,653.34
336,2024-01-01,Dining & restaurants,532.16
337,2024-01-01,Dining & restaurants,223.32
338,2024-01-01,Dining & restaurants,199.03
339,2024-01-01,Dining & restaurants,98.18
340,2024-01-01,Dining & restaurants,1036.34
341,2024-01-01,Dining & restaurants,135.64
342,2024-01-01,Dining & restaurants,82.66
343,2024-01-01,Dining & restaurants,188.25
344,2024-01-01,Dining & restaurants,460.29
345,2024-01-01,Dining & restaurants,254.55
346,2024-01-01,Dining & restaurants,169.68
347,2024-01-01,Dining & restaurants,74.38
348,2024-01-01,Dining & restaurants,468.72
349,2024-01-01,Dining & restaurants,1002.09
350,2024-01-01,Dining & restaurants,103.97
351,2024-01-01,Dining & restaurants,456.8
352,2024-01-01,Dining & restaurants,219.23
353,2024-01-01,Dining & restaurants,121.94
354,2024-01-01,Dining & restaurants,2200.1
355,2024-01-01,Dining & restaurants,1606.1
356,2024-01-01,Dining & restaurants,47.37
357,2024-01-01,Dining & restaurants,593.77
358,2024-01-01,Dining & restaurants,58.54
359,2024-01-01,Dining & restaurants,73.47
360,2024-01-01,Dining & restaurants,93.65
361,2024-01-01,Dining & restaurants,836.03
362,2024-01-01,Dining & restaurants,89.28
363,2024-01-01,Dining & restaurants,152.04
364,2024-01-01,Dining & restaurants,97.36
365,2024-01-01,Dining & restaurants,60.54
366,2024-01-01,Dining & restaurants,176.53
367,2024-01-01,Dining & restaurants,165.56
368,2024-01-01,Dining & restaurants,35.6
369,2024-01-01,Dining & restaurants,416.52
370,2024-01-01,Dining & restaurants,603.7
371,2024-01-01,Dining & restaurants,1182.01
372,2024-01-01,Dining & restaurants,1315.22
373,2024-01-01,Dining & restaurants,896.35
374,2024-01-01,Dining & restaurants,185.38
375,2024-01-01,Dining & restaurants,687.38
376,2024-01-01,Dining & restaurants,301.05
377,2024-01-01,Dining & restaurants,544.95
378,2024-01-01,Dining & restaurants,294.3
379,2024-01-01,Dining & restaurants,218.93
380,2024-01-01,Dining & restaurants,603.16
381,2024-01-01,Dining & restaurants,587.08
382,2024-01-01,Dining & restaurants,149.02
383,2024-01-01,Dining & restaurants,551.54
384,2024-01-01,Dining & restaurants,105.09
385,2024-01-01,Dining & restaurants,226.13
386,2024-01-01,Dining & restaurants,312.42
387,2024-01-01,Dining & restaurants,627.56
388,2024-01-01,Dining & restaurants,1586.23
389,2024-01-01,Dining & restaurants,909.53
390,2024-01-01,Dining & restaurants,196.48
391,2024-01-01,Dining & restaurants,63.29
392,2024-01-01,Dining & restaurants,62.68
393,2024-01-01,Dining & restaurants,356.02
394,2024-01-01,Dining & restaurants,138.94
395,2024-01-01,Dining & restaurants,444.9
396,2024-01-01,Dining & restaurants,116.27
397,2024-01-01,Dining & restaurants,168.67
398,2024-01-01,Dining & restaurants,389.09
399,2024-01-01,Dining & restaurants,342.16
400,2024-01-01,Dining & restaurants,562.52
401,2024-01-01,Dining & restaurants,1311.89
402,2024-01-01,Dining & restaurants,71.53
403,2024-01-01,Dining & restaurants,445.98
404,2024-01-01,Dining & restaurants,278.52
405,2024-01-01,Dining & restaurants,869.43
406,2024-01-01,Dining & restaurants,347.74
407,2024-01-01,Dining & restaurants,310.25
408,2024-01-01,Dining & restaurants,421.91
409,2024-01-01,Dining & restaurants,46.9
410,2024-01-01,Dining & restaurants,172.51
411,2024-01-01,Dining & restaurants,289.95
412,2024-01-01,Dining & restaurants,76.34
413,2024-01-01,Dining & restaurants,173.45
414,2024-01-01,Dining & restaurants,104.74
415,2024-01-01,Dining & restaurants,94.58
416,2024-01-01,Dining & restaurants,366.62
417,2024-01-01,Dining & restaurants,557.08
418,2024-01-01,Dining & restaurants,682.39
419,2024-01-01,Dining & restaurants,389.64
420,2024-01-01,Dining & restaurants,110.67
421,2024-01-01,Dining & restaurants,181.85
422,2024-01-01,Dining & restaurants,185.6
423,2024-01-01,Dining & restaurants,979.48
424,2024-01-01,Dining & restaurants,51.91
425,2024-01-01,Dining & restaurants,591.98
426,2024-01-01,Dining & restaurants,510.86
427,2024-01-01,Dining & restaurants,138.63
428,2024-01-01,Dining & restaurants,96.29
429,2024-01-01,Dining & restaurants,292.86
430,2024-01-01,Dining & restaurants,610.39
431,2024-01-01,Dining & restaurants,205.73
432,2024-01-01,Dining & restaurants,221.32
433,2024-01-01,Dining & restaurants,320.27
434,2024-01-01,Dining & restaurants,817.11
435,2024-01-01,Dining & restaurants,810.94
436,2024-01-01,Dining & restaurants,172.21
437,2024-01-01,Dining & restaurants,500.71
438,2024-01-01,Dining & restaurants,92.73
439,2024-01-01,Dining & restaurants,228.64
440,2024-01-01,Dining & restaurants,472.14
441,2024-01-01,Dining & restaurants,285.03
442,2024-01-01,Dining & restaurants,52.04
443,2024-01-01,Dining & restaurants,369.45
444,2024-01-01,Dining & restaurants,381.93
445,2024-01-01,Dining & restaurants,234.25
446,2024-01-01,Dining & restaurants,58.99
447,2024-01-01,Dining & restaurants,120.08
448,2024-01-01,Dining & restaurants,337.27
449,2024-01-01,Dining & restaurants,236.55
450,2024-01-01,Dining & restaurants,162.67
451,2024-01-01,Dining & restaurants,522.94
452,2024-01-01,Dining & restaurants,172.58
453,2024-01-01,Dining & restaurants,197.33
454,2024-01-01,Dining & restaurants,138.96
455,2024-01-01,Dining & restaurants,1473.13
456,2024-01-01,Dining & restaurants,121.61
457,2024-01-01,Dining & restaurants,944.53
458,2024-01-01,Dining & restaurants,195.11
459,2024-01-01,Dining & restaurants,429.72
460,2024-01-01,Dining & restaurants,1326.0
461,2024-01-01,Dining & restaurants,564.89
462,2024-01-01,Dining & restaurants,137.32
463,2024-01-01,Dining & restaurants,124.88
464,2024-01-01,Dining & restaurants,67.38
465,2024-01-01,Dining & restaurants,107.55
466,2024-01-01,Dining & restaurants,584.44
467,2024-01-01,Dining & restaurants,348.74
468,2024-01-01,Dining & restaurants,513.29
469,2024-01-01,Dining & restaurants,231.24
470,2024-01-01,Dining & restaurants,47.96
471,2024-01-01,Dining & restaurants,504.98
472,2024-01-01,Dining & restaurants,91.5
473,2024-01-01,Dining & restaurants,560.95
474,2024-01-01,Dining & restaurants,240.96
475,2024-01-01,Dining & restaurants,172.46
476,2024-01-01,Dining & restaurants,84.71
477,2024-01-01,Dining & restaurants,239.76
478,2024-01-01,Dining & restaurants,169.94
479,2024-01-01,Dining & restaurants,130.62
480,2024-01-01,Dining & restaurants,122.12
481,2024-01-01,Dining & restaurants,76.4
482,2024-01-01,Dining & restaurants,292.57
483,2024-01-01,Dining & restaurants,383.97
484,2024-01-01,Dining & restaurants,106.66
485,2024-01-01,Dining & restaurants,120.7
486,2024-01-01,Dining & restaurants,79.07
487,2024-01-01,Dining & restaurants,478.13
488,2024-01-01,Dining & restaurants,216.82
489,2024-01-01,Dining & restaurants,172.16
490,2024-01-01,Dining & restaurants,230.92
491,2024-01-01,Dining & restaurants,180.69
492,2024-01-01,Dining & restaurants,142.65
493,2024-01-01,Dining & restaurants,584.28
494,2024-01-01,Dining & restaurants,580.03
495,2024-01-01,Dining & restaurants,162.38
496,2024-01-01,Dining & restaurants,233.55
497,2024-01-01,Dining & restaurants,208.11
498,2024-01-01,Dining & restaurants,784.19
499,2024-01-01,Dining & restaurants,122.92
500,2024-01-01,Dining & restaurants,212.29
501,2024-01-01,Dining & restaurants,146.26
502,2024-01-01,Dining & restaurants,221.24
503,2024-01-01,Dining & restaurants,313.8
504,2024-01-01,Dining & restaurants,301.02
505,2024-01-01,Dining & restaurants,328.56
506,2024-01-01,Dining & restaurants,390.75
507,2024-01-01,Dining & restaurants,93.44
508,2024-01-01,Dining & restaurants,218.73
509,2024-01-01,Dining & restaurants,144.4
510,2024-01-01,Dining & restaurants,89.88
511,2024-01-01,Dining & restaurants,489.0
512,2024-01-01,Dining & restaurants,452.97
513,2024-01-01,Dining & restaurants,109.84
514,2024-01-01,Dining & restaurants,248.57
515,2024-01-01,Dining & restaurants,747.85
516,2024-01-01,Dining & restaurants,827.76
517,2024-01-01,Dining & restaurants,280.63
518,2024-01-01,Dining & restaurants,217.62
519,2024-01-01,Dining & restaurants,134.37
520,2024-01-01,Dining & restaurants,847.05
521,2024-01-01,Dining & restaurants,139.42
522,2024-01-01,Dining & restaurants,1143.91
523,2024-01-01,Dining & restaurants,50.49
524,2024-01-01,Dining & restaurants,166.21
525,2024-01-01,Dining & restaurants,102.03
526,2024-01-01,Dining & restaurants,154.51
527,2024-01-01,Dining & restaurants,100.95
528,2024-01-01,Dining & restaurants,409.93
529,2024-01-01,Dining & restaurants,465.24
530,2024-01-01,Dining & restaurants,437.36
531,2024-01-01,Dining & restaurants,154.14
532,2024-01-01,Dining & restaurants,111.54
533,2024-01-01,Dining & restaurants,54.54
534,2024-01-01,Dining & restaurants,169.72
535,2024-01-01,Dining & restaurants,862.89
536,2024-01-01,Dining & restaurants,285.04
537,2024-01-01,Dining & restaurants,81.7
538,2024-01-01,Dining & restaurants,379.2
539,2024-01-01,Dining & restaurants,217.29
540,2024-01-01,Dining & restaurants,392.96
541,2024-01-01,Dining & restaurants,51.52
542,2024-01-01,Dining & restaurants,142.59
543,2024-01-01,Dining & restaurants,209.24
544,2024-01-01,Dining & restaurants,305.87
545,2024-01-01,Dining & restaurants,242.84
546,2024-01-01,Dining & restaurants,613.49
547,2024-01-01,Dining & restaurants,456.21
548,2024-01-01,Dining & restaurants,138.6
549,2024-01-01,Dining & restaurants,331.03
550,2024-01-01,Dining & restaurants,635.92
551,2024-01-01,Dining & restaurants,460.79
552,2024-01-01,Dining & restaurants,109.23
553,2024-01-01,Dining & restaurants,133.24
554,2024-01-01,Dining & restaurants,55.34
555,2024-01-01,Dining & restaurants,75.63
556,2024-01-01,Dining & restaurants,109.29
557,2024-01-01,Dining & restaurants,410.12
558,2024-01-01,Dining & restaurants,241.43
559,2024-01-01,Dining & restaurants,73.71
560,2024-01-01,Dining & restaurants,202.44
561,2024-01-01,Dining & restaurants,788.06
562,2024-01-01,Dining & restaurants,239.86
563,2024-01-01,Dining & restaurants,566.91
564,2024-01-01,Dining & restaurants,701.04
565,2024-01-01,Dining & restaurants,78.13
566,2024-01-01,Dining & restaurants,410.63
567,2024-01-01,Dining & restaurants,200.02
568,2024-01-01,Dining & restaurants,615.63
569,2024-01-01,Dining & restaurants,114.58
570,2024-01-01,Dining & restaurants,355.15
571,2024-01-01,Dining & restaurants,148.58
572,2024-01-01,Dining & restaurants,156.99
573,2024-01-01,Dining & restaurants,108.27
574,2024-01-01,Dining & restaurants,131.65
575,2024-01-01,Dining & restaurants,135.19
576,2024-01-01,Dining & restaurants,160.09
577,2024-01-01,Dining & restaurants,1086.62
578,2024-01-01,Dining & restaurants,134.63
579,2024-01-01,Dining & restaurants,226.79
580,2024-01-01,Dining & restaurants,360.78
581,2024-01-01,Dining & restaurants,188.59
582,2024-01-01,Dining & restaurants,133.74
583,2024-01-01,Dining & restaurants,69.48
584,2024-01-01,Dining & restaurants,508.14
585,2024-01-01,Dining & restaurants,86.04
586,2024-01-01,Dining & restaurants,549.54
587,2024-01-01,Dining & restaurants,385.06
588,2024-01-01,Dining & restaurants,422.75
589,2024-01-01,Dining & restaurants,475.1
590,2024-01-01,Dining & restaurants,715.94
591,2024-01-01,Dining & restaurants,813.99
592,2024-01-01,Dining & restaurants,151.6
593,2024-01-01,Dining & restaurants,550.04
594,2024-01-01,Dining & restaurants,367.09
595,2024-01-01,Dining & restaurants,156.6
596,2024-01-01,Dining & restaurants,277.47
597,2024-01-01,Dining & restaurants,201.04
598,2024-01-01,Dining & restaurants,165.34
599,2024-01-01,Dining & restaurants,317.99
600,2024-01-01,Dining & restaurants,306.67
601,2024-01-01,Dining & restaurants,90.57
602,2024-01-01,Dining & restaurants,484.04
603,2024-01-01,Dining & restaurants,462.33
604,2024-01-01,Dining & restaurants,312.47
605,2024-01-01,Dining & restaurants,200.12
606,2024-01-01,Dining & restaurants,635.84
607,2024-01-01,Dining & restaurants,415.53
608,2024-01-01,Dining & restaurants,164.42
609,2024-01-01,Dining & restaurants,290.93
610,2024-01-01,Dining & restaurants,154.77
611,2024-01-01,Dining & restaurants,629.26
612,2024-01-01,Dining & restaurants,163.11
613,2024-01-01,Dining & restaurants,113.36
614,2024-01-01,Dining & restaurants,295.07
615,2024-01-01,Dining & restaurants,187.45
616,2024-01-01,Dining & restaurants,189.01
617,2024-01-01,Dining & restaurants,202.26
618,2024-01-01,Dining & restaurants,74.49
619,2024-01-01,Dining & restaurants,247.05
620,2024-01-01,Dining & restaurants,137.13
621,2024-01-01,Dining & restaurants,700.49
622,2024-01-01,Dining & restaurants,217.49
623,2024-01-01,Dining & restaurants,283.37
624,2024-01-01,Dining & restaurants,376.52
625,2024-01-01,Dining & restaurants,120.48
626,2024-01-01,Dining & restaurants,793.71
627,2024-01-01,Dining & restaurants,78.53
628,2024-01-01,Dining & restaurants,84.15
629,2024-01-01,Dining & restaurants,422.5
630,2024-01-01,Dining & restaurants,780.82
631,2024-01-01,Dining & restaurants,244.47
632,2024-01-01,Dining & restaurants,542.7
633,2024-01-01,Dining & restaurants,513.27
634,2024-01-01,Dining & restaurants,186.66
635,2024-01-01,Dining & restaurants,230.35
636,2024-01-01,Dining & restaurants,385.25
637,2024-01-01,Dining & restaurants,241.38
638,2024-01-01,Dining & restaurants,456.43
639,2024-01-01,Dining & restaurants,801.68
640,2024-01-01,Dining & restaurants,525.49
641,2024-01-01,Dining & restaurants,272.19
642,2024-01-01,Dining & restaurants,155.17
643,2024-01-01,Dining & restaurants,397.89
644,2024-01-01,Dining & restaurants,247.06
645,2024-01-01,Dining & restaurants,311.69
646,2024-01-01,Dining & restaurants,135.41
647,2024-01-01,Dining & restaurants,200.24
648,2024-01-01,Dining & restaurants,302.27
649,2024-01-01,Dining & restaurants,116.8
650,2024-01-01,Dining & restaurants,87.85
651,2024-01-01,Dining & restaurants,838.27
652,2024-01-01,Dining & restaurants,239.44
653,2024-01-01,Dining & restaurants,421.44
654,2024-01-01,Dining & restaurants,122.25
655,2024-01-01,Dining & restaurants,307.18
656,2024-01-01,Dining & restaurants,608.33
657,2024-01-01,Dining & restaurants,328.55
658,2024-01-01,Dining & restaurants,445.41
659,2024-01-01,Dining & restaurants,112.39
660,2024-01-01,Dining & restaurants,145.33
661,2024-01-01,Dining & restaurants,218.75
662,2024-01-01,Dining & restaurants,49.38
663,2024-01-01,Dining & restaurants,201.67
664,2024-01-01,Dining & restaurants,710.36
665,2024-01-01,Dining & restaurants,441.62
666,2024-01-01,Dining & restaurants,668.56
667,2024-01-01,Dining & restaurants,567.95
668,2024-01-01,Dining & restaurants,299.19
669,2024-01-01,Dining & restaurants,284.5
670,2024-01-01,Dining & restaurants,138.8
671,2024-01-01,Dining & restaurants,385.54
672,2024-01-01,Dining & restaurants,34.07
673,2024-01-01,Dining & restaurants,1111.26
674,2024-01-01,Dining & restaurants,266.9
675,2024-01-01,Dining & restaurants,207.04
676,2024-01-01,Dining & restaurants,101.48
677,2024-01-01,Dining & restaurants,426.42
678,2024-01-01,Dining & restaurants,439.22
679,2024-01-01,Dining & restaurants,122.45
680,2024-01-01,Dining & restaurants,379.44
681,2024-01-01,Dining & restaurants,297.26
682,2024-01-01,Dining & restaurants,311.07
683,2024-01-01,Dining & restaurants,212.49
684,2024-01-01,Dining & restaurants,192.24
685,2024-01-01,Dining & restaurants,79.99
686,2024-01-01,Dining & restaurants,76.72
687,2024-01-01,Dining & restaurants,268.13
688,2024-01-01,Dining & restaurants,794.94
689,2024-01-01,Dining & restaurants,417.25
690,2024-01-01,Dining & restaurants,137.11
691,2024-01-01,Dining & restaurants,371.17
692,2024-01-01,Dining & restaurants,252.32
693,2024-01-01,Dining & restaurants,1696.54
694,2024-01-01,Dining & restaurants,600.11
695,2024-01-01,Dining & restaurants,350.22
696,2024-01-01,Dining & restaurants,35.91
697,2024-01-01,Dining & restaurants,449.74
698,2024-01-01,Dining & restaurants,285.93
699,2024-01-01,Dining & restaurants,840.37
700,2024-01-01,Dining & restaurants,115.91
701,2024-01-01,Dining & restaurants,70.4
702,2024-01-01,Dining & restaurants,409.19
703,2024-01-01,Dining & restaurants,190.47
704,2024-01-01,Dining & restaurants,1621.14
705,2024-01-01,Dining & restaurants,633.24
706,2024-01-01,Dining & restaurants,85.19
707,2024-01-01,Dining & restaurants,116.97
708,2024-01-01,Dining & restaurants,196.25
709,2024-01-01,Dining & restaurants,182.95
710,2024-01-01,Dining & restaurants,479.86
711,2024-01-01,Dining & restaurants,372.01
712,2024-01-01,Dining & restaurants,343.16
713,2024-01-01,Dining & restaurants,147.05
714,2024-01-01,Dining & restaurants,252.96
715,2024-01-01,Dining & restaurants,361.1
716,2024-01-01,Dining & restaurants,19.75
717,2024-01-01,Dining & restaurants,283.66
718,2024-01-01,Dining & restaurants,115.71
719,2024-01-01,Dining & restaurants,658.4
720,2024-01-01,Dining & restaurants,460.74
721,2024-01-01,Dining & restaurants,162.2
722,2024-01-01,Dining & restaurants,241.49
723,2024-01-01,Dining & restaurants,2201.35
724,2024-01-01,Dining & restaurants,212.84
725,2024-01-01,Dining & restaurants,214.07
726,2024-01-01,Dining & restaurants,168.61
727,2024-01-01,Dining & restaurants,539.76
728,2024-01-01,Dining & restaurants,166.33
729,2024-01-01,Dining & restaurants,644.45
730,2024-01-01,Dining & restaurants,476.83
731,2024-01-01,Dining & restaurants,160.79
732,2024-01-01,Dining & restaurants,153.15
733,2024-01-01,Dining & restaurants,121.39
734,2024-01-01,Dining & restaurants,89.16
735,2024-01-01,Dining & restaurants,246.09
736,2024-01-01,Dining & restaurants,758.82
737,2024-01-01,Dining & restaurants,1160.92
738,2024-01-01,Dining & restaurants,156.97
739,2024-01-01,Dining & restaurants,1170.39
740,2024-01-01,Dining & restaurants,186.76
741,2024-01-01,Dining & restaurants,314.79
742,2024-01-01,Dining & restaurants,211.3
743,2024-01-01,Dining & restaurants,235.39
744,2024-01-01,Dining & restaurants,153.35
745,2024-01-01,Dining & restaurants,178.51
746,2024-01-01,Dining & restaurants,40.8
747,2024-01-01,Dining & restaurants,452.23
748,2024-01-01,Dining & restaurants,73.18
749,2024-01-01,Dining & restaurants,75.01
750,2024-01-01,Dining & restaurants,372.42
751,2024-01-01,Dining & restaurants,435.02
752,2024-01-01,Dining & restaurants,227.48
753,2024-01-01,Dining & restaurants,215.32
754,2024-01-01,Dining & restaurants,1018.15
755,2024-01-01,Dining & restaurants,1164.31
756,2024-01-01,Dining & restaurants,105.0
757,2024-01-01,Dining & restaurants,387.81
758,2024-01-01,Dining & restaurants,139.23
759,2024-01-01,Dining & restaurants,80.02
760,2024-01-01,Dining & restaurants,420.59
761,2024-01-01,Dining & restaurants,335.33
762,2024-01-01,Dining & restaurants,314.95
763,2024-01-01,Dining & restaurants,689.86
764,2024-01-01,Dining & restaurants,236.53
765,2024-01-01,Dining & restaurants,1006.93
766,2024-01-01,Dining & restaurants,132.13
767,2024-01-01,Dining & restaurants,181.91
768,2024-01-01,Dining & restaurants,226.93
769,2024-01-01,Dining & restaurants,477.46
770,2024-01-01,Dining & restaurants,143.33
771,2024-01-01,Dining & restaurants,571.11
772,2024-01-01,Dining & restaurants,161.75
773,2024-01-01,Dining & restaurants,823.5
774,2024-01-01,Dining & restaurants,1012.59
775,2024-01-01,Dining & restaurants,245.49
776,2024-01-01,Dining & restaurants,815.27
777,2024-01-01,Dining & restaurants,255.3
778,2024-01-01,Dining & restaurants,274.13
779,2024-01-01,Dining & restaurants,239.03
780,2024-01-01,Dining & restaurants,252.52
781,2024-01-01,Dining & restaurants,209.56
782,2024-01-01,Dining & restaurants,352.32
783,2024-01-01,Dining & restaurants,234.5
784,2024-01-01,Dining & restaurants,177.2
785,2024-01-01,Dining & restaurants,1039.77
786,2024-01-01,Dining & restaurants,200.17
787,2024-01-01,Dining & restaurants,206.01
788,2024-01-01,Dining & restaurants,323.2
789,2024-01-01,Dining & restaurants,266.24
790,2024-01-01,Dining & restaurants,102.51
791,2024-01-01,Dining & restaurants,776.78
792,2024-01-01,Dining & restaurants,333.9
793,2024-01-01,Dining & restaurants,220.7
794,2024-01-01,Dining & restaurants,173.25
795,2024-01-01,Dining & restaurants,491.21
796,2024-01-01,Dining & restaurants,300.33
797,2024-01-01,Dining & restaurants,136.02
798,2024-01-01,Dining & restaurants,171.06
799,2024-01-01,Dining & restaurants,203.04
800,2024-01-01,Dining & restaurants,155.34
801,2024-01-01,Dining & restaurants,317.0
802,2024-01-01,Dining & restaurants,666.15
803,2024-01-01,Dining & restaurants,296.72
804,2024-01-01,Dining & restaurants,697.74
805,2024-01-01,Dining & restaurants,210.11
806,2024-01-01,Dining & restaurants,108.22
807,2024-01-01,Dining & restaurants,96.93
808,2024-01-01,Dining & restaurants,55.01
809,2024-01-01,Dining & restaurants,733.56
810,2024-01-01,Dining & restaurants,770.75
811,2024-01-01,Dining & restaurants,53.35
812,2024-01-01,Dining & restaurants,187.75
813,2024-01-01,Dining & restaurants,824.34
814,2024-01-01,Dining & restaurants,196.41
815,2024-01-01,Dining & restaurants,170.82
816,2024-01-01,Dining & restaurants,349.47
817,2024-01-01,Dining & restaurants,252.31
818,2024-01-01,Dining & restaurants,178.75
819,2024-01-01,Dining & restaurants,774.32
820,2024-01-01,Dining & restaurants,379.68
821,2024-01-01,Dining & restaurants,318.06
822,2024-01-01,Dining & restaurants,1170.3
823,2024-01-01,Dining & restaurants,412.61
824,2024-01-01,Dining & restaurants,166.26
825,2024-01-01,Dining & restaurants,395.4
826,2024-01-01,Dining & restaurants,85.97
827,2024-01-01,Dining & restaurants,413.83
828,2024-01-01,Dining & restaurants,207.87
829,2024-01-01,Dining & restaurants,238.95
830,2024-01-01,Dining & restaurants,373.67
831,2024-01-01,Dining & restaurants,327.79
832,2024-01-01,Dining & restaurants,202.84
833,2024-01-01,Dining & restaurants,627.24
834,2024-01-01,Dining & restaurants,302.87
835,2024-01-01,Dining & restaurants,206.69
836,2024-01-01,Dining & restaurants,267.23
837,2024-01-01,Dining & restaurants,265.15
838,2024-01-01,Dining & restaurants,581.85
839,2024-01-01,Dining & restaurants,142.15
840,2024-01-01,Dining & restaurants,138.69
841,2024-01-01,Dining & restaurants,941.43
842,2024-01-01,Dining & restaurants,303.61
843,2024-01-01,Dining & restaurants,593.78
844,2024-01-01,Dining & restaurants,144.33
845,2024-01-01,Dining & restaurants,158.46
846,2024-01-01,Dining & restaurants,218.67
847,2024-01-01,Dining & restaurants,1715.03
848,2024-01-01,Dining & restaurants,140.33
849,2024-01-01,Dining & restaurants,484.33
850,2024-01-01,Dining & restaurants,90.19
851,2024-01-01,Dining & restaurants,820.38
852,2024-01-01,Dining & restaurants,257.58
853,2024-01-01,Dining & restaurants,176.71
854,2024-01-01,Dining & restaurants,81.83
855,2024-01-01,Dining & restaurants,269.31
856,2024-01-01,Dining & restaurants,82.37
857,2024-01-01,Dining & restaurants,429.93
858,2024-01-01,Dining & restaurants,321.38
859,2024-01-01,Dining & restaurants,67.54
860,2024-01-01,Dining & restaurants,387.25
861,2024-01-01,Dining & restaurants,151.75
862,2024-01-01,Dining & restaurants,314.99
863,2024-01-01,Dining & restaurants,158.82
864,2024-01-01,Dining & restaurants,426.91
865,2024-01-01,Dining & restaurants,430.37
866,2024-01-01,Dining & restaurants,121.67
867,2024-01-01,Dining & restaurants,874.65
868,2024-01-01,Dining & restaurants,191.99
869,2024-01-01,Dining & restaurants,189.71
870,2024-01-01,Dining & restaurants,70.68
871,2024-01-01,Dining & restaurants,174.89
872,2024-01-01,Dining & restaurants,210.82
873,2024-01-01,Dining & restaurants,232.23
874,2024-01-01,Dining & restaurants,126.51
875,2024-01-01,Dining & restaurants,233.93
876,2024-01-01,Dining & restaurants,322.98
877,2024-01-01,Dining & restaurants,622.94
878,2024-01-01,Dining & restaurants,201.52
879,2024-01-01,Dining & restaurants,138.31
880,2024-01-01,Dining & restaurants,199.06
881,2024-01-01,Dining & restaurants,630.34
882,2024-01-01,Dining & restaurants,275.97
883,2024-01-01,Dining & restaurants,827.31
884,2024-01-01,Dining & restaurants,1134.29
885,2024-01-01,Dining & restaurants,117.13
886,2024-01-01,Dining & restaurants,269.35
887,2024-01-01,Dining & restaurants,209.56
888,2024-01-01,Dining & restaurants,234.47
889,2024-01-01,Dining & restaurants,692.92
890,2024-01-01,Dining & restaurants,296.29
891,2024-01-01,Dining & restaurants,879.85
892,2024-01-01,Dining & restaurants,283.06
893,2024-01-01,Dining & restaurants,243.95
894,2024-01-01,Dining & restaurants,465.08
895,2024-01-01,Dining & restaurants,99.66
896,2024-01-01,Dining & restaurants,844.62
897,2024-01-01,Dining & restaurants,148.89
898,2024-01-01,Dining & restaurants,70.22
899,2024-01-01,Dining & restaurants,359.5
900,2024-01-01,Dining & restaurants,931.3
901,2024-01-01,Dining & restaurants,246.81
902,2024-01-01,Dining & restaurants,968.82
903,2024-01-01,Dining & restaurants,62.69
904,2024-01-01,Dining & restaurants,321.3
905,2024-01-01,Dining & restaurants,488.96
906,2024-01-01,Dining & restaurants,55.78
907,2024-01-01,Dining & restaurants,104.48
908,2024-01-01,Dining & restaurants,269.42
909,2024-01-01,Dining & restaurants,277.14
910,2024-01-01,Dining & restaurants,299.33
911,2024-01-01,Dining & restaurants,403.73
912,2024-01-01,Dining & restaurants,252.86
913,2024-01-01,Dining & restaurants,158.88
914,2024-01-01,Dining & restaurants,425.3
915,2024-01-01,Dining & restaurants,106.36
916,2024-01-01,Dining & restaurants,338.53
917,2024-01-01,Dining & restaurants,394.35
918,2024-01-01,Dining & restaurants,70.21
919,2024-01-01,Dining & restaurants,402.4
920,2024-01-01,Dining & restaurants,504.58
921,2024-01-01,Dining & restaurants,82.31
922,2024-01-01,Dining & restaurants,214.94
923,2024-01-01,Dining & restaurants,141.57
924,2024-01-01,Dining & restaurants,351.89
925,2024-01-01,Dining & restaurants,112.17
926,2024-01-01,Dining & restaurants,187.05
927,2024-01-01,Dining & restaurants,483.23
928,2024-01-01,Dining & restaurants,165.4
929,2024-01-01,Dining & restaurants,170.04
930,2024-01-01,Dining & restaurants,483.05
931,2024-01-01,Dining & restaurants,677.41
932,2024-01-01,Dining & restaurants,101.92
933,2024-01-01,Dining & restaurants,54.64
934,2024-01-01,Dining & restaurants,217.46
935,2024-01-01,Dining & restaurants,287.45
936,2024-01-01,Dining & restaurants,711.04
937,2024-01-01,Dining & restaurants,602.77
938,2024-01-01,Dining & restaurants,43.55
939,2024-01-01,Dining & restaurants,182.07
940,2024-01-01,Dining & restaurants,447.18
941,2024-01-01,Dining & restaurants,59.4
942,2024-01-01,Dining & restaurants,321.78
943,2024-01-01,Dining & restaurants,302.26
944,2024-01-01,Dining & restaurants,183.31
945,2024-01-01,Dining & restaurants,738.54
946,2024-01-01,Dining & restaurants,1020.98
947,2024-01-01,Dining & restaurants,201.33
948,2024-01-01,Dining & restaurants,102.38
949,2024-01-01,Dining & restaurants,182.12
950,2024-01-01,Dining & restaurants,313.27
951,2024-01-01,Dining & restaurants,272.9
952,2024-01-01,Dining & restaurants,339.86
953,2024-01-01,Dining & restaurants,535.32
954,2024-01-01,Dining & restaurants,49.97
955,2024-01-01,Dining & restaurants,281.81
956,2024-01-01,Dining & restaurants,235.26
957,2024-01-01,Dining & restaurants,113.35
958,2024-01-01,Dining & restaurants,1186.67
959,2024-01-01,Dining & restaurants,185.31
960,2024-01-01,Dining & restaurants,117.19
961,2024-01-01,Dining & restaurants,270.52
962,2024-01-01,Dining & restaurants,70.83
963,2024-01-01,Dining & restaurants,201.95
964,2024-01-01,Dining & restaurants,562.0
965,2024-01-01,Dining & restaurants,382.04
966,2024-01-01,Dining & restaurants,251.08
967,2024-01-01,Dining & restaurants,177.66
968,2024-01-01,Dining & restaurants,191.67
969,2024-01-01,Dining & restaurants,135.76
970,2024-01-01,Dining & restaurants,112.84
971,2024-01-01,Dining & restaurants,132.68
972,2024-01-01,Dining & restaurants,202.82
973,2024-01-01,Dining & restaurants,136.69
974,2024-01-01,Dining & restaurants,106.57
975,2024-01-01,Dining & restaurants,358.08
976,2024-01-01,Dining & restaurants,851.54
977,2024-01-01,Dining & restaurants,249.67
978,2024-01-01,Dining & restaurants,692.27
979,2024-01-01,Dining & restaurants,88.0
980,2024-01-01,Dining & restaurants,347.94
981,2024-01-01,Dining & restaurants,720.56
982,2024-01-01,Dining & restaurants,215.08
983,2024-01-01,Dining & restaurants,684.47
984,2024-01-01,Dining & restaurants,832.45
985,2024-01-01,Dining & restaurants,161.36
986,2024-01-01,Dining & restaurants,310.38
987,2024-01-01,Dining & restaurants,405.58
988,2024-01-01,Dining & restaurants,138.43
989,2024-01-01,Dining & restaurants,366.13
990,2024-01-01,Dining & restaurants,98.51
991,2024-01-01,Dining & restaurants,324.47
992,2024-01-01,Dining & restaurants,222.95
993,2024-01-01,Dining & restaurants,131.63
994,2024-01-01,Dining & restaurants,521.88
995,2024-01-01,Dining & restaurants,610.75
996,2024-01-01,Dining & restaurants,1573.23
997,2024-01-01,Dining & restaurants,307.33
998,2024-01-01,Dining & restaurants,488.61
999,2024-01-01,Dining & restaurants,288.81
1000,2024-01-01,Dining & restaurants,162.06
1001,2024-01-01,Dining & restaurants,371.99
1002,2024-01-01,Dining & restaurants,214.5
1003,2024-01-01,Dining & restaurants,457.27
1004,2024-01-01,Dining & restaurants,291.11
1005,2024-01-01,Dining & restaurants,80.42
1006,2024-01-01,Dining & restaurants,187.4
1007,2024-01-01,Dining & restaurants,140.02
1008,2024-01-01,Dining & restaurants,231.48
1009,2024-01-01,Dining & restaurants,348.76
1010,2024-01-01,Dining & restaurants,182.07
1011,2024-01-01,Dining & restaurants,146.65
1012,2024-01-01,Dining & restaurants,143.54
1013,2024-01-01,Dining & restaurants,92.88
1014,2024-01-01,Dining & restaurants,736.42
1015,2024-01-01,Dining & restaurants,106.93
1016,2024-01-01,Dining & restaurants,77.94
1017,2024-01-01,Dining & restaurants,168.33
1018,2024-01-01,Dining & restaurants,260.35
1019,2024-01-01,Dining & restaurants,298.96
1020,2024-01-01,Dining & restaurants,959.97
1021,2024-01-01,Dining & restaurants,566.26
1022,2024-01-01,Dining & restaurants,248.43
1023,2024-01-01,Dining & restaurants,31.12
1024,2024-01-01,Dining & restaurants,80.81
1025,2024-01-01,Dining & restaurants,97.04
1026,2024-01-01,Dining & restaurants,141.26
1027,2024-01-01,Dining & restaurants,181.64
1028,2024-01-01,Dining & restaurants,64.43
1029,2024-01-01,Dining & restaurants,287.51
1030,2024-01-01,Dining & restaurants,248.67
1031,2024-01-01,Dining & restaurants,736.58
1032,2024-01-01,Dining & restaurants,156.01
1033,2024-01-01,Dining & restaurants,202.73
1034,2024-01-01,Dining & restaurants,568.06
1035,2024-01-01,Dining & restaurants,259.16
1036,2024-01-01,Dining & restaurants,300.33
1037,2024-01-01,Dining & restaurants,322.24
1038,2024-01-01,Dining & restaurants,131.48
1039,2024-01-01,Dining & restaurants,859.43
1040,2024-01-01,Dining & restaurants,123.73
1041,2024-01-01,Dining & restaurants,110.58
1042,2024-01-01,Dining & restaurants,108.55
1043,2024-01-01,Dining & restaurants,512.52
1044,2024-01-01,Dining & restaurants,167.24
1045,2024-01-01,Dining & restaurants,181.02
1046,2024-01-01,Dining & restaurants,351.54
1047,2024-01-01,Dining & restaurants,284.95
1048,2024-01-01,Dining & restaurants,806.48
1049,2024-01-01,Dining & restaurants,391.84
1050,2024-01-01,Dining & restaurants,1401.66
1051,2024-01-01,Dining & restaurants,293.75
1052,2024-01-01,Dining & restaurants,148.1
1053,2024-01-01,Dining & restaurants,200.42
1054,2024-01-01,Dining & restaurants,77.84
1055,2024-01-01,Dining & restaurants,87.03
1056,2024-01-01,Dining & restaurants,202.43
1057,2024-01-01,Dining & restaurants,118.91
1058,2024-01-01,Dining & restaurants,655.73
1059,2024-01-01,Dining & restaurants,92.95
1060,2024-01-01,Dining & restaurants,141.19
1061,2024-01-01,Dining & restaurants,191.27
1062,2024-01-01,Dining & restaurants,116.18
1063,2024-01-01,Dining & restaurants,291.44
1064,2024-01-01,Dining & restaurants,497.18
1065,2024-01-01,Dining & restaurants,286.16
1066,2024-01-01,Dining & restaurants,104.61
1067,2024-01-01,Dining & restaurants,498.65
1068,2024-01-01,Dining & restaurants,1084.57
1069,2024-01-01,Dining & restaurants,218.9
1070,2024-01-01,Dining & restaurants,322.2
1071,2024-01-01,Dining & restaurants,455.66
1072,2024-01-01,Dining & restaurants,109.83
1073,2024-01-01,Dining & restaurants,268.64
1074,2024-01-01,Dining & restaurants,1307.13
1075,2024-01-01,Dining & restaurants,99.12
1076,2024-01-01,Dining & restaurants,408.86
1077,2024-01-01,Dining & restaurants,96.16
1078,2024-01-01,Dining & restaurants,47.4
1079,2024-01-01,Dining & restaurants,152.32
1080,2024-01-01,Dining & restaurants,88.54
1081,2024-01-01,Dining & restaurants,69.87
1082,2024-01-01,Dining & restaurants,1802.71
1083,2024-01-01,Dining & restaurants,135.4
1084,2024-01-01,Dining & restaurants,242.5
1085,2024-01-01,Dining & restaurants,20.39
1086,2024-01-01,Dining & restaurants,151.4
1087,2024-01-01,Dining & restaurants,224.59
1088,2024-01-01,Dining & restaurants,243.25
1089,2024-01-01,Dining & restaurants,74.82
1090,2024-01-01,Dining & restaurants,430.89
1091,2024-01-01,Dining & restaurants,94.44
1092,2024-01-01,Dining & restaurants,277.02
1093,2024-01-01,Dining & restaurants,229.49
1094,2024-01-01,Dining & restaurants,143.29
1095,2024-01-01,Dining & restaurants,158.38
1096,2024-01-01,Dining & restaurants,674.53
1097,2024-01-01,Dining & restaurants,292.92
1098,2024-01-01,Dining & restaurants,674.67
1099,2024-01-01,Dining & restaurants,119.53
1100,2024-01-01,Dining & restaurants,339.23
1101,2024-01-01,Dining & restaurants,719.24
1102,2024-01-01,Dining & restaurants,101.45
1103,2024-01-01,Dining & restaurants,361.64
1104,2024-01-01,Dining & restaurants,199.4
1105,2024-01-01,Dining & restaurants,72.99
1106,2024-01-01,Dining & restaurants,196.67
1107,2024-01-01,Dining & restaurants,428.76
1108,2024-01-01,Dining & restaurants,333.67
1109,2024-01-01,Dining & restaurants,217.95
1110,2024-01-01,Dining & restaurants,1030.58
1111,2024-01-01,Dining & restaurants,337.97
1112,2024-01-01,Dining & restaurants,676.18
1113,2024-01-01,Dining & restaurants,127.92
1114,2024-01-01,Dining & restaurants,120.36
1115,2024-01-01,Dining & restaurants,373.75
1116,2024-01-01,Dining & restaurants,249.23
1117,2024-01-01,Dining & restaurants,610.46
1118,2024-01-01,Dining & restaurants,260.81
1119,2024-01-01,Dining & restaurants,101.74
1120,2024-01-01,Dining & restaurants,1182.24
1121,2024-01-01,Dining & restaurants,370.21
1122,2024-01-01,Dining & restaurants,49.29
1123,2024-01-01,Dining & restaurants,181.74
1124,2024-01-01,Dining & restaurants,348.78
1125,2024-01-01,Dining & restaurants,133.13
1126,2024-01-01,Dining & restaurants,118.4
1127,2024-01-01,Dining & restaurants,450.88
1128,2024-01-01,Dining & restaurants,120.48
1129,2024-01-01,Dining & restaurants,545.36
1130,2024-01-01,Dining & restaurants,161.15
1131,2024-01-01,Dining & restaurants,170.32
1132,2024-01-01,Dining & restaurants,65.18
1133,2024-01-01,Dining & restaurants,196.79
1134,2024-01-01,Dining & restaurants,706.15
1135,2024-01-01,Dining & restaurants,112.47
1136,2024-01-01,Dining & restaurants,699.62
1137,2024-01-01,Dining & restaurants,157.93
1138,2024-01-01,Dining & restaurants,50.87
1139,2024-01-01,Dining & restaurants,102.53
1140,2024-01-01,Dining & restaurants,75.72
1141,2024-01-01,Dining & restaurants,298.48
1142,2024-01-01,Dining & restaurants,1181.64
1143,2024-01-01,Dining & restaurants,45.15
1144,2024-01-01,Dining & restaurants,471.5
1145,2024-01-01,Dining & restaurants,219.07
1146,2024-01-01,Dining & restaurants,87.13
1147,2024-01-01,Dining & restaurants,194.94
1148,2024-01-01,Dining & restaurants,117.87
1149,2024-01-01,Dining & restaurants,670.4
1150,2024-01-01,Dining & restaurants,220.39
1151,2024-01-01,Dining & restaurants,79.24
1152,2024-01-01,Dining & restaurants,195.16
1153,2024-01-01,Dining & restaurants,156.98
1154,2024-01-01,Dining & restaurants,235.77
1155,2024-01-01,Dining & restaurants,148.83
1156,2024-01-01,Dining & restaurants,58.1
1157,2024-01-01,Dining & restaurants,748.15
1158,2024-01-01,Dining & restaurants,208.22
1159,2024-01-01,Dining & restaurants,107.74
1160,2024-01-01,Dining & restaurants,1387.1
1161,2024-01-01,Dining & restaurants,930.64
1162,2024-01-01,Dining & restaurants,482.05
1163,2024-01-01,Dining & restaurants,362.44
1164,2024-01-01,Dining & restaurants,80.92
1165,2024-01-01,Dining & restaurants,154.5
1166,2024-01-01,Dining & restaurants,956.72
1167,2024-01-01,Dining & restaurants,208.3
1168,2024-01-01,Dining & restaurants,136.76
1169,2024-01-01,Dining & restaurants,1145.95
1170,2024-01-01,Dining & restaurants,337.93
1171,2024-01-01,Dining & restaurants,452.48
1172,2024-01-01,Dining & restaurants,238.28
1173,2024-01-01,Dining & restaurants,182.07
1174,2024-01-01,Dining & restaurants,178.18
1175,2024-01-01,Dining & restaurants,415.67
1176,2024-01-01,Dining & restaurants,247.63
1177,2024-01-01,Dining & restaurants,179.81
1178,2024-01-01,Dining & restaurants,455.84
1179,2024-01-01,Dining & restaurants,208.28
1180,2024-01-01,Dining & restaurants,113.59
1181,2024-01-01,Dining & restaurants,54.43
1182,2024-01-01,Dining & restaurants,781.6
1183,2024-01-01,Dining & restaurants,271.83
1184,2024-01-01,Dining & restaurants,96.04
1185,2024-01-01,Dining & restaurants,636.21
1186,2024-01-01,Dining & restaurants,147.36
1187,2024-01-01,Dining & restaurants,309.2
1188,2024-01-01,Dining & restaurants,502.01
1189,2024-01-01,Dining & restaurants,173.99
1190,2024-01-01,Dining & restaurants,252.15
1191,2024-01-01,Dining & restaurants,397.56
1192,2024-01-01,Dining & restaurants,150.84
1193,2024-01-01,Dining & restaurants,230.82
1194,2024-01-01,Dining & restaurants,222.98
1195,2024-01-01,Dining & restaurants,924.82
1196,2024-01-01,Dining & restaurants,102.04
1197,2024-01-01,Dining & restaurants,224.8
1198,2024-01-01,Dining & restaurants,148.58
1199,2024-01-01,Dining & restaurants,547.02
1200,2024-01-01,Dining & restaurants,1766.06
1201,2024-01-01,Dining & restaurants,257.97
1202,2024-01-01,Dining & restaurants,1361.79
1203,2024-01-01,Dining & restaurants,382.61
1204,2024-01-01,Dining & restaurants,502.85
1205,2024-01-01,Dining & restaurants,339.49
1206,2024-01-01,Dining & restaurants,525.75
1207,2024-01-01,Dining & restaurants,270.82
1208,2024-01-01,Dining & restaurants,223.41
1209,2024-01-01,Dining & restaurants,665.82
1210,2024-01-01,Dining & restaurants,122.62
1211,2024-01-01,Dining & restaurants,350.29
1212,2024-01-01,Dining & restaurants,192.64
1213,2024-01-01,Dining & restaurants,689.41
1214,2024-01-01,Dining & restaurants,131.19
1215,2024-01-01,Dining & restaurants,255.71
1216,2024-01-01,Dining & restaurants,652.69
1217,2024-01-01,Dining & restaurants,341.58
1218,2024-01-01,Dining & restaurants,119.92
1219,2024-01-01,Dining & restaurants,159.79
1220,2024-01-01,Dining & restaurants,264.96
1221,2024-01-01,Dining & restaurants,62.15
1222,2024-01-01,Dining & restaurants,269.64
1223,2024-01-01,Dining & restaurants,587.05
1224,2024-01-01,Dining & restaurants,88.6
1225,2024-01-01,Dining & restaurants,700.33
1226,2024-01-01,Dining & restaurants,444.78
1227,2024-01-01,Dining & restaurants,172.1
1228,2024-01-01,Dining & restaurants,478.06
1229,2024-01-01,Dining & restaurants,50.2
1230,2024-01-01,Dining & restaurants,162.49
1231,2024-01-01,Dining & restaurants,701.36
1232,2024-01-01,Dining & restaurants,192.97
1233,2024-01-01,Dining & restaurants,227.91
1234,2024-01-01,Dining & restaurants,808.53
1235,2024-01-01,Dining & restaurants,285.31
1236,2024-01-01,Dining & restaurants,103.85
1237,2024-01-01,Dining & restaurants,286.27
1238,2024-01-01,Dining & restaurants,636.31
1239,2024-01-01,Dining & restaurants,46.44
1240,2024-01-01,Dining & restaurants,172.24
1241,2024-01-01,Dining & restaurants,416.74
1242,2024-01-01,Dining & restaurants,138.0
1243,2024-01-01,Dining & restaurants,165.45
1244,2024-01-01,Dining & restaurants,194.97
1245,2024-01-01,Dining & restaurants,251.92
1246,2024-01-01,Dining & restaurants,98.83
1247,2024-01-01,Dining & restaurants,326.22
1248,2024-01-01,Dining & restaurants,273.19
1249,2024-01-01,Dining & restaurants,291.84
1250,2024-01-01,Dining & restaurants,90.51
1251,2024-01-01,Dining & restaurants,277.49
1252,2024-01-01,Dining & restaurants,125.73
1253,2024-01-01,Dining & restaurants,996.88
1254,2024-01-01,Dining & restaurants,601.47
1255,2024-01-01,Dining & restaurants,336.03
1256,2024-01-01,Dining & restaurants,187.38
1257,2024-01-01,Dining & restaurants,177.25
1258,2024-01-01,Dining & restaurants,178.32
1259,2024-01-01,Dining & restaurants,674.85
1260,2024-01-01,Dining & restaurants,135.69
1261,2024-01-01,Dining & restaurants,975.7
1262,2024-01-01,Dining & restaurants,181.3
1263,2024-01-01,Dining & restaurants,574.82
1264,2024-01-01,Dining & restaurants,327.81
1265,2024-01-01,Dining & restaurants,1064.1
1266,2024-01-01,Dining & restaurants,1572.32
1267,2024-01-01,Dining & restaurants,102.0
1268,2024-01-01,Dining & restaurants,339.35
1269,2024-01-01,Dining & restaurants,109.14
1270,2024-01-01,Dining & restaurants,503.27
1271,2024-01-01,Dining & restaurants,42.16
1272,2024-01-01,Dining & restaurants,301.19
1273,2024-01-01,Dining & restaurants,213.56
1274,2024-01-01,Dining & restaurants,1342.98
1275,2024-01-01,Dining & restaurants,259.73
1276,2024-01-01,Dining & restaurants,176.37
1277,2024-01-01,Dining & restaurants,397.66
1278,2024-01-01,Dining & restaurants,164.98
1279,2024-01-01,Dining & restaurants,371.45
1280,2024-01-01,Dining & restaurants,73.15
1281,2024-01-01,Dining & restaurants,364.43
1282,2024-01-01,Dining & restaurants,246.97
1283,2024-01-01,Dining & restaurants,212.55
1284,2024-01-01,Dining & restaurants,596.13
1285,2024-01-01,Dining & restaurants,458.91
1286,2024-01-01,Dining & restaurants,109.78
1287,2024-01-01,Dining & restaurants,285.75
1288,2024-01-01,Dining & restaurants,140.91
1289,2024-01-01,Dining & restaurants,840.51
1290,2024-01-01,Dining & restaurants,671.57
1291,2024-01-01,Dining & restaurants,327.55
1292,2024-01-01,Dining & restaurants,499.31
1293,2024-01-01,Dining & restaurants,181.21
1294,2024-01-01,Dining & restaurants,120.4
1295,2024-01-01,Dining & restaurants,448.85
1296,2024-01-01,Dining & restaurants,400.45
1297,2024-01-01,Dining & restaurants,747.2
1298,2024-01-01,Dining & restaurants,1083.76
1299,2024-01-01,Dining & restaurants,280.53
1300,2024-01-01,Dining & restaurants,305.0
1301,2024-01-01,Dining & restaurants,558.31
1302,2024-01-01,Dining & restaurants,45.83
1303,2024-01-01,Dining & restaurants,293.58
1304,2024-01-01,Dining & restaurants,222.92
1305,2024-01-01,Dining & restaurants,199.13
1306,2024-01-01,Dining & restaurants,127.28
1307,2024-01-01,Dining & restaurants,247.95
1308,2024-01-01,Dining & restaurants,239.51
1309,2024-01-01,Dining & restaurants,350.39
1310,2024-01-01,Dining & restaurants,250.72
1311,2024-01-01,Dining & restaurants,297.76
1312,2024-01-01,Dining & restaurants,189.13
1313,2024-01-01,Dining & restaurants,228.61
1314,2024-01-01,Dining & restaurants,391.65
1315,2024-01-01,Dining & restaurants,810.5
1316,2024-01-01,Dining & restaurants,92.33
1317,2024-01-01,Dining & restaurants,275.15
1318,2024-01-01,Dining & restaurants,281.68
1319,2024-01-01,Dining & restaurants,1227.66
1320,2024-01-01,Dining & restaurants,206.66
1321,2024-01-01,Dining & restaurants,403.32
1322,2024-01-01,Dining & restaurants,276.22
1323,2024-01-01,Dining & restaurants,198.95
1324,2024-01-01,Dining & restaurants,750.9
1325,2024-01-01,Dining & restaurants,56.9
1326,2024-01-01,Dining & restaurants,166.86
1327,2024-01-01,Dining & restaurants,185.19
1328,2024-01-01,Dining & restaurants,138.58
1329,2024-01-01,Dining & restaurants,380.14
1330,2024-01-01,Dining & restaurants,295.16
1331,2024-01-01,Dining & restaurants,400.28
1332,2024-01-01,Dining & restaurants,211.25
1333,2024-01-01,Dining & restaurants,247.79
1334,2024-01-01,Dining & restaurants,86.09
1335,2024-01-01,Dining & restaurants,106.88
1336,2024-01-01,Dining & restaurants,135.56
1337,2024-01-01,Dining & restaurants,399.33
1338,2024-01-01,Dining & restaurants,309.36
1339,2024-01-01,Dining & restaurants,421.8
1340,2024-01-01,Dining & restaurants,2003.66
1341,2024-01-01,Dining & restaurants,290.82
1342,2024-01-01,Dining & restaurants,1605.54
1343,2024-01-01,Dining & restaurants,79.88
1344,2024-01-01,Dining & restaurants,349.26
1345,2024-01-01,Dining & restaurants,136.6
1346,2024-01-01,Dining & restaurants,337.24
1347,2024-01-01,Dining & restaurants,145.78
1348,2024-01-01,Dining & restaurants,117.81
1349,2024-01-01,Dining & restaurants,65.87
1350,2024-01-01,Dining & restaurants,807.87
1351,2024-01-01,Dining & restaurants,133.84
1352,2024-01-01,Dining & restaurants,157.2
1353,2024-01-01,Dining & restaurants,169.66
1354,2024-01-01,Dining & restaurants,331.77
1355,2024-01-01,Dining & restaurants,613.98
1356,2024-01-01,Dining & restaurants,692.85
1357,2024-01-01,Dining & restaurants,160.47
1358,2024-01-01,Dining & restaurants,478.68
1359,2024-01-01,Dining & restaurants,845.55
1360,2024-01-01,Dining & restaurants,130.97
1361,2024-01-01,Dining & restaurants,112.73
1362,2024-01-01,Dining & restaurants,196.36
1363,2024-01-01,Dining & restaurants,200.96
1364,2024-01-01,Dining & restaurants,94.55
1365,2024-01-01,Dining & restaurants,184.42
1366,2024-01-01,Dining & restaurants,2619.49
1367,2024-01-01,Dining & restaurants,128.48
1368,2024-01-01,Dining & restaurants,64.51
1369,2024-01-01,Dining & restaurants,218.2
1370,2024-01-01,Dining & restaurants,198.61
1371,2024-01-01,Dining & restaurants,71.39
1372,2024-01-01,Dining & restaurants,246.12
1373,2024-01-01,Dining & restaurants,159.27
1374,2024-01-01,Dining & restaurants,251.97
1375,2024-01-01,Dining & restaurants,63.15
1376,2024-01-01,Dining & restaurants,151.17
1377,2024-01-01,Dining & restaurants,316.48
1378,2024-01-01,Dining & restaurants,305.21
1379,2024-01-01,Dining & restaurants,402.63
1380,2024-01-01,Dining & restaurants,211.09
1381,2024-01-01,Dining & restaurants,683.22
1382,2024-01-01,Dining & restaurants,105.05
1383,2024-01-01,Dining & restaurants,114.03
1384,2024-01-01,Dining & restaurants,315.0
1385,2024-01-01,Dining & restaurants,84.08
1386,2024-01-01,Dining & restaurants,79.86
1387,2024-01-01,Dining & restaurants,219.3
1388,2024-01-01,Dining & restaurants,1317.79
1389,2024-01-01,Dining & restaurants,74.41
1390,2024-01-01,Dining & restaurants,118.9
1391,2024-01-01,Dining & restaurants,575.39
1392,2024-01-01,Dining & restaurants,837.78
1393,2024-01-01,Dining & restaurants,750.67
1394,2024-01-01,Dining & restaurants,117.75
1395,2024-01-01,Dining & restaurants,305.38
1396,2024-01-01,Dining & restaurants,168.28
1397,2024-01-01,Dining & restaurants,774.59
1398,2024-01-01,Dining & restaurants,286.92
1399,2024-01-01,Dining & restaurants,109.74
1400,2024-01-01,Dining & restaurants,1226.4
1401,2024-01-01,Dining & restaurants,233.85
1402,2024-01-01,Dining & restaurants,174.79
1403,2024-01-01,Dining & restaurants,478.65
1404,2024-01-01,Dining & restaurants,90.65
1405,2024-01-01,Dining & restaurants,125.36
1406,2024-01-01,Dining & restaurants,134.15
1407,2024-01-01,Dining & restaurants,76.6
1408,2024-01-01,Dining & restaurants,176.1
1409,2024-01-01,Dining & restaurants,110.35
1410,2024-01-01,Dining & restaurants,57.06
1411,2024-01-01,Dining & restaurants,342.47
1412,2024-01-01,Dining & restaurants,775.11
1413,2024-01-01,Dining & restaurants,820.85
1414,2024-01-01,Dining & restaurants,607.58
1415,2024-01-01,Dining & restaurants,212.63
1416,2024-01-01,Dining & restaurants,79.02
1417,2024-01-01,Dining & restaurants,705.32
1418,2024-01-01,Dining & restaurants,2592.77
1419,2024-01-01,Dining & restaurants,585.87
1420,2024-01-01,Dining & restaurants,121.47
1421,2024-01-01,Dining & restaurants,217.61
1422,2024-01-01,Dining & restaurants,586.89
1423,2024-01-01,Dining & restaurants,291.92
1424,2024-01-01,Dining & restaurants,1859.87
1425,2024-01-01,Dining & restaurants,42.73
1426,2024-01-01,Dining & restaurants,126.44
1427,2024-01-01,Dining & restaurants,465.15
1428,2024-01-01,Dining & restaurants,73.26
1429,2024-01-01,Dining & restaurants,95.0
1430,2024-01-01,Dining & restaurants,74.89
1431,2024-01-01,Dining & restaurants,167.43
1432,2024-01-01,Dining & restaurants,257.84
1433,2024-01-01,Dining & restaurants,98.7
1434,2024-01-01,Dining & restaurants,148.5
1435,2024-01-01,Dining & restaurants,610.35
1436,2024-01-01,Dining & restaurants,297.95
1437,2024-01-01,Dining & restaurants,841.32
1438,2024-01-01,Dining & restaurants,133.46
1439,2024-01-01,Dining & restaurants,436.01
1440,2024-01-01,Dining & restaurants,174.24
1441,2024-01-01,Dining & restaurants,92.11
1442,2024-01-01,Dining & restaurants,301.56
1443,2024-01-01,Dining & restaurants,242.51
1444,2024-01-01,Dining & restaurants,1687.3
1445,2024-01-01,Dining & restaurants,139.58
1446,2024-01-01,Dining & restaurants,330.01
1447,2024-01-01,Dining & restaurants,155.06
1448,2024-01-01,Dining & restaurants,156.93
1449,2024-01-01,Dining & restaurants,70.61
1450,2024-01-01,Dining & restaurants,160.56
1451,2024-01-01,Dining & restaurants,71.84
1452,2024-01-01,Dining & restaurants,147.34
1453,2024-01-01,Dining & restaurants,502.06
1454,2024-01-01,Dining & restaurants,234.92
1455,2024-01-01,Dining & restaurants,3568.35
1456,2024-01-01,Dining & restaurants,82.29
1457,2024-01-01,Dining & restaurants,76.01
1458,2024-01-01,Dining & restaurants,262.36
1459,2024-01-01,Dining & restaurants,241.02
1460,2024-01-01,Dining & restaurants,137.84
1461,2024-01-01,Dining & restaurants,317.31
1462,2024-01-01,Dining & restaurants,268.77
1463,2024-01-01,Dining & restaurants,845.32
1464,2024-01-01,Dining & restaurants,132.95
1465,2024-01-01,Dining & restaurants,106.12
1466,2024-01-01,Dining & restaurants,1007.0
1467,2024-01-01,Dining & restaurants,111.72
1468,2024-01-01,Dining & restaurants,318.56
1469,2024-01-01,Dining & restaurants,150.29
1470,2024-01-01,Dining & restaurants,250.73
1471,2024-01-01,Dining & restaurants,95.73
1472,2024-01-01,Dining & restaurants,125.22
1473,2024-01-01,Dining & restaurants,107.07
1474,2024-01-01,Dining & restaurants,212.27
1475,2024-01-01,Dining & restaurants,126.51
1476,2024-01-01,Dining & restaurants,174.52
1477,2024-01-01,Dining & restaurants,134.59
1478,2024-01-01,Dining & restaurants,66.53
1479,2024-01-01,Dining & restaurants,112.23
1480,2024-01-01,Dining & restaurants,296.05
1481,2024-01-01,Dining & restaurants,173.66
1482,2024-01-01,Dining & restaurants,1040.28
1483,2024-01-01,Dining & restaurants,134.33
1484,2024-01-01,Dining & restaurants,124.56
1485,2024-01-01,Dining & restaurants,69.48
1486,2024-01-01,Dining & restaurants,798.6
1487,2024-01-01,Dining & restaurants,462.15
1488,2024-01-01,Dining & restaurants,55.91
1489,2024-01-01,Dining & restaurants,133.14
1490,2024-01-01,Dining & restaurants,532.32
1491,2024-01-01,Dining & restaurants,152.05
1492,2024-01-01,Dining & restaurants,118.75
1493,2024-01-01,Dining & restaurants,642.44
1494,2024-01-01,Dining & restaurants,467.74
1495,2024-01-01,Dining & restaurants,94.94
1496,2024-01-01,Dining & restaurants,75.47
1497,2024-01-01,Dining & restaurants,121.87
1498,2024-01-01,Dining & restaurants,585.29
1499,2024-01-01,Dining & restaurants,220.42
1500,2024-01-01,Dining & restaurants,104.2
1501,2024-01-01,Dining & restaurants,81.16
1502,2024-01-01,Dining & restaurants,123.16
1503,2024-01-01,Dining & restaurants,745.57
1504,2024-01-01,Dining & restaurants,465.33
1505,2024-01-01,Dining & restaurants,202.0
1506,2024-01-01,Dining & restaurants,148.84
1507,2024-01-01,Dining & restaurants,189.1
1508,2024-01-01,Dining & restaurants,182.87
1509,2024-01-01,Dining & restaurants,203.47
1510,2024-01-01,Dining & restaurants,65.1
1511,2024-01-01,Dining & restaurants,454.34
1512,2024-01-01,Dining & restaurants,111.31
1513,2024-01-01,Dining & restaurants,82.09
1514,2024-01-01,Dining & restaurants,1171.12
1515,2024-01-01,Dining & restaurants,348.8
1516,2024-01-01,Dining & restaurants,854.24
1517,2024-01-01,Dining & restaurants,50.71
1518,2024-01-01,Dining & restaurants,62.35
1519,2024-01-01,Dining & restaurants,254.53
1520,2024-01-01,Dining & restaurants,114.64
1521,2024-01-01,Dining & restaurants,1558.52
1522,2024-01-01,Dining & restaurants,459.62
1523,2024-01-01,Dining & restaurants,192.29
1524,2024-01-01,Dining & restaurants,1031.82
1525,2024-01-01,Dining & restaurants,212.78
1526,2024-01-01,Dining & restaurants,419.56
1527,2024-01-01,Dining & restaurants,150.68
1528,2024-01-01,Dining & restaurants,175.93
1529,2024-01-01,Dining & restaurants,144.54
1530,2024-01-01,Dining & restaurants,388.24
1531,2024-01-01,Dining & restaurants,696.37
1532,2024-01-01,Dining & restaurants,121.15
1533,2024-01-01,Dining & restaurants,104.88
1534,2024-01-01,Dining & restaurants,75.29
1535,2024-01-01,Dining & restaurants,580.48
1536,2024-01-01,Dining & restaurants,734.02
1537,2024-01-01,Dining & restaurants,121.82
1538,2024-01-01,Dining & restaurants,83.7
1539,2024-01-01,Dining & restaurants,510.44
1540,2024-01-01,Dining & restaurants,289.83
1541,2024-01-01,Dining & restaurants,157.85
1542,2024-01-01,Dining & restaurants,792.41
1543,2024-01-01,Dining & restaurants,179.43
1544,2024-01-01,Dining & restaurants,234.14
1545,2024-01-01,Dining & restaurants,118.5
1546,2024-01-01,Dining & restaurants,258.24
1547,2024-01-01,Dining & restaurants,547.98
1548,2024-01-01,Dining & restaurants,37.95
1549,2024-01-01,Dining & restaurants,565.69
1550,2024-01-01,Dining & restaurants,141.98
1551,2024-01-01,Dining & restaurants,261.11
1552,2024-01-01,Dining & restaurants,581.48
1553,2024-01-01,Dining & restaurants,138.02
1554,2024-01-01,Dining & restaurants,172.97
1555,2024-01-01,Dining & restaurants,499.7
1556,2024-01-01,Dining & restaurants,179.98
1557,2024-01-01,Dining & restaurants,75.34
1558,2024-01-01,Dining & restaurants,197.61
1559,2024-01-01,Dining & restaurants,247.17
1560,2024-01-01,Dining & restaurants,108.53
1561,2024-01-01,Dining & restaurants,396.28
1562,2024-01-01,Dining & restaurants,243.14
1563,2024-01-01,Dining & restaurants,184.13
1564,2024-01-01,Dining & restaurants,506.61
1565,2024-01-01,Dining & restaurants,466.49
1566,2024-01-01,Dining & restaurants,684.82
1567,2024-01-01,Dining & restaurants,297.89
1568,2024-01-01,Dining & restaurants,369.2
1569,2024-01-01,Dining & restaurants,206.63
1570,2024-01-01,Dining & restaurants,463.71
1571,2024-01-01,Dining & restaurants,118.21
1572,2024-01-01,Dining & restaurants,532.8
1573,2024-01-01,Dining & restaurants,412.66
1574,2024-01-01,Dining & restaurants,209.5
1575,2024-01-01,Dining & restaurants,185.76
1576,2024-01-01,Dining & restaurants,407.78
1577,2024-01-01,Dining & restaurants,898.5
1578,2024-01-01,Dining & restaurants,395.67
1579,2024-01-01,Dining & restaurants,237.55
1580,2024-01-01,Dining & restaurants,75.1
1581,2024-01-01,Dining & restaurants,811.33
1582,2024-01-01,Dining & restaurants,472.94
1583,2024-01-01,Dining & restaurants,129.67
1584,2024-01-01,Dining & restaurants,410.23
1585,2024-01-01,Dining & restaurants,91.39
1586,2024-01-01,Dining & restaurants,424.75
1587,2024-01-01,Dining & restaurants,188.29
1588,2024-01-01,Dining & restaurants,282.41
1589,2024-01-01,Dining & restaurants,1184.61
1590,2024-01-01,Dining & restaurants,100.19
1591,2024-01-01,Dining & restaurants,453.04
1592,2024-01-01,Dining & restaurants,100.64
1593,2024-01-01,Dining & restaurants,1283.39
1594,2024-01-01,Dining & restaurants,473.26
1595,2024-01-01,Dining & restaurants,234.27
1596,2024-01-01,Dining & restaurants,231.57
1597,2024-01-01,Dining & restaurants,591.09
1598,2024-01-01,Dining & restaurants,343.57
1599,2024-01-01,Dining & restaurants,1489.7
1600,2024-01-01,Dining & restaurants,88.86
1601,2024-01-01,Dining & restaurants,560.37
1602,2024-01-01,Dining & restaurants,587.62
1603,2024-01-01,Dining & restaurants,1096.01
1604,2024-01-01,Dining & restaurants,121.17
1605,2024-01-01,Dining & restaurants,713.22
1606,2024-01-01,Dining & restaurants,132.02
1607,2024-01-01,Dining & restaurants,262.0
1608,2024-01-01,Dining & restaurants,252.96
1609,2024-01-01,Dining & restaurants,692.26
1610,2024-01-01,Dining & restaurants,176.98
1611,2024-01-01,Dining & restaurants,192.59
1612,2024-01-01,Dining & restaurants,224.78
1613,2024-01-01,Dining & restaurants,204.51
1614,2024-01-01,Dining & restaurants,980.25
1615,2024-01-01,Dining & restaurants,374.38
1616,2024-01-01,Dining & restaurants,169.26
1617,2024-01-01,Dining & restaurants,92.78
1618,2024-01-01,Dining & restaurants,137.75
1619,2024-01-01,Dining & restaurants,251.9
1620,2024-01-01,Dining & restaurants,501.38
1621,2024-01-01,Dining & restaurants,135.21
1622,2024-01-01,Dining & restaurants,713.29
1623,2024-01-01,Dining & restaurants,73.17
1624,2024-01-01,Dining & restaurants,127.59
1625,2024-01-01,Dining & restaurants,1018.99
1626,2024-01-01,Dining & restaurants,43.95
1627,2024-01-01,Dining & restaurants,247.01
1628,2024-01-01,Dining & restaurants,248.96
1629,2024-01-01,Dining & restaurants,1273.35
1630,2024-01-01,Dining & restaurants,264.6
1631,2024-01-01,Dining & restaurants,157.27
1632,2024-01-01,Dining & restaurants,340.39
1633,2024-01-01,Dining & restaurants,84.87
1634,2024-01-01,Dining & restaurants,63.05
1635,2024-01-01,Dining & restaurants,59.95
1636,2024-01-01,Dining & restaurants,679.35
1637,2024-01-01,Dining & restaurants,437.28
1638,2024-01-01,Dining & restaurants,1491.3
1639,2024-01-01,Dining & restaurants,102.5
1640,2024-01-01,Dining & restaurants,92.61
1641,2024-01-01,Dining & restaurants,573.34
1642,2024-01-01,Dining & restaurants,212.88
1643,2024-01-01,Dining & restaurants,101.96
1644,2024-01-01,Dining & restaurants,536.07
1645,2024-01-01,Dining & restaurants,618.88
1646,2024-01-01,Dining & restaurants,265.18
1647,2024-01-01,Dining & restaurants,1615.54
1648,2024-01-01,Dining & restaurants,114.38
1649,2024-01-01,Dining & restaurants,105.34
1650,2024-01-01,Dining & restaurants,95.31
1651,2024-01-01,Dining & restaurants,901.1
1652,2024-01-01,Dining & restaurants,181.43
1653,2024-01-01,Dining & restaurants,161.98
1654,2024-01-01,Dining & restaurants,142.56
1655,2024-01-01,Dining & restaurants,267.28
1656,2024-01-01,Dining & restaurants,23.73
1657,2024-01-01,Dining & restaurants,222.44
1658,2024-01-01,Dining & restaurants,101.52
1659,2024-01-01,Dining & restaurants,280.43
1660,2024-01-01,Dining & restaurants,382.97
1661,2024-01-01,Dining & restaurants,169.9
1662,2024-01-01,Dining & restaurants,73.61
1663,2024-01-01,Dining & restaurants,217.5
1664,2024-01-01,Dining & restaurants,394.8
1665,2024-01-01,Dining & restaurants,111.39
1666,2024-01-01,Dining & restaurants,236.17
1667,2024-01-01,Dining & restaurants,491.87
1668,2024-01-01,Dining & restaurants,137.26
1669,2024-01-01,Dining & restaurants,713.02
1670,2024-01-01,Dining & restaurants,241.57
1671,2024-01-01,Dining & restaurants,390.92
1672,2024-01-01,Dining & restaurants,179.74
1673,2024-01-01,Dining & restaurants,138.83
1674,2024-01-01,Dining & restaurants,577.51
1675,2024-01-01,Dining & restaurants,178.62
1676,2024-01-01,Dining & restaurants,442.05
1677,2024-01-01,Dining & restaurants,422.84
1678,2024-01-01,Dining & restaurants,303.01
1679,2024-01-01,Dining & restaurants,398.23
1680,2024-01-01,Dining & restaurants,402.26
1681,2024-01-01,Dining & restaurants,361.84
1682,2024-01-01,Dining & restaurants,57.33
1683,2024-01-01,Dining & restaurants,362.81
1684,2024-01-01,Dining & restaurants,218.82
1685,2024-01-01,Dining & restaurants,837.28
1686,2024-01-01,Dining & restaurants,300.11
1687,2024-01-01,Dining & restaurants,78.91
1688,2024-01-01,Dining & restaurants,209.66
1689,2024-01-01,Dining & restaurants,373.64
1690,2024-01-01,Dining & restaurants,134.0
1691,2024-01-01,Dining & restaurants,337.76
1692,2024-01-01,Dining & restaurants,168.01
1693,2024-01-01,Dining & restaurants,178.41
1694,2024-01-01,Dining & restaurants,2191.9
1695,2024-01-01,Dining & restaurants,148.1
1696,2024-01-01,Dining & restaurants,1598.18
1697,2024-01-01,Dining & restaurants,210.94
1698,2024-01-01,Dining & restaurants,1417.05
1699,2024-01-01,Dining & restaurants,92.53
1700,2024-01-01,Dining & restaurants,55.38
1701,2024-01-01,Dining & restaurants,94.92
1702,2024-01-01,Dining & restaurants,475.36
1703,2024-01-01,Dining & restaurants,749.53
1704,2024-01-01,Dining & restaurants,102.91
1705,2024-01-01,Dining & restaurants,78.55
1706,2024-01-01,Dining & restaurants,222.0
1707,2024-01-01,Dining & restaurants,284.5
1708,2024-01-01,Dining & restaurants,276.53
1709,2024-01-01,Dining & restaurants,191.2
1710,2024-01-01,Dining & restaurants,207.38
1711,2024-01-01,Dining & restaurants,508.74
1712,2024-01-01,Dining & restaurants,614.29
1713,2024-01-01,Dining & restaurants,197.55
1714,2024-01-01,Dining & restaurants,452.13
1715,2024-01-01,Dining & restaurants,2034.67
1716,2024-01-01,Dining & restaurants,136.75
1717,2024-01-01,Dining & restaurants,893.53
1718,2024-01-01,Dining & restaurants,103.02
1719,2024-01-01,Dining & restaurants,70.78
1720,2024-01-01,Dining & restaurants,615.48
1721,2024-01-01,Dining & restaurants,388.36
1722,2024-01-01,Dining & restaurants,320.49
1723,2024-01-01,Dining & restaurants,152.49
1724,2024-01-01,Dining & restaurants,1564.13
1725,2024-01-01,Dining & restaurants,256.82
1726,2024-01-01,Dining & restaurants,242.95
1727,2024-01-01,Dining & restaurants,172.48
1728,2024-01-01,Dining & restaurants,201.64
1729,2024-01-01,Dining & restaurants,207.39
1730,2024-01-01,Dining & restaurants,156.26
1731,2024-01-01,Dining & restaurants,485.7
1732,2024-01-01,Dining & restaurants,124.58
1733,2024-01-01,Dining & restaurants,166.5
1734,2024-01-01,Dining & restaurants,527.51
1735,2024-01-01,Dining & restaurants,456.74
1736,2024-01-01,Dining & restaurants,489.03
1737,2024-01-01,Dining & restaurants,312.88
1738,2024-01-01,Dining & restaurants,546.37
1739,2024-01-01,Dining & restaurants,1684.04
1740,2024-01-01,Dining & restaurants,204.07
1741,2024-01-01,Dining & restaurants,273.27
1742,2024-01-01,Dining & restaurants,343.19
1743,2024-01-01,Dining & restaurants,147.46
1744,2024-01-01,Dining & restaurants,469.68
1745,2024-01-01,Dining & restaurants,369.98
1746,2024-01-01,Dining & restaurants,188.11
1747,2024-01-01,Dining & restaurants,1686.58
1748,2024-01-01,Dining & restaurants,178.16
1749,2024-01-01,Dining & restaurants,146.98
1750,2024-01-01,Dining & restaurants,536.25
1751,2024-01-01,Dining & restaurants,581.1
1752,2024-01-01,Dining & restaurants,55.15
1753,2024-01-01,Dining & restaurants,418.65
1754,2024-01-01,Dining & restaurants,299.56
1755,2024-01-01,Dining & restaurants,60.0
1756,2024-01-01,Dining & restaurants,128.9
1757,2024-01-01,Dining & restaurants,65.87
1758,2024-01-01,Dining & restaurants,538.19
1759,2024-01-01,Dining & restaurants,1117.87
1760,2024-01-01,Dining & restaurants,385.64
1761,2024-01-01,Dining & restaurants,576.15
1762,2024-01-01,Dining & restaurants,166.45
1763,2024-01-01,Dining & restaurants,233.87
1764,2024-01-01,Dining & restaurants,222.43
1765,2024-01-01,Dining & restaurants,775.03
1766,2024-01-01,Dining & restaurants,272.23
1767,2024-01-01,Dining & restaurants,201.73
1768,2024-01-01,Dining & restaurants,204.11
1769,2024-01-01,Dining & restaurants,741.62
1770,2024-01-01,Dining & restaurants,303.85
1771,2024-01-01,Dining & restaurants,124.11
1772,2024-01-01,Dining & restaurants,108.64
1773,2024-01-01,Dining & restaurants,142.58
1774,2024-01-01,Dining & restaurants,29.61
1775,2024-01-01,Dining & restaurants,259.97
1776,2024-01-01,Dining & restaurants,182.64
1777,2024-01-01,Dining & restaurants,360.81
1778,2024-01-01,Dining & restaurants,427.58
1779,2024-01-01,Dining & restaurants,685.31
1780,2024-01-01,Dining & restaurants,158.56
1781,2024-01-01,Dining & restaurants,651.79
1782,2024-01-01,Dining & restaurants,136.6
1783,2024-01-01,Dining & restaurants,59.14
1784,2024-01-01,Dining & restaurants,415.22
1785,2024-01-01,Dining & restaurants,615.85
1786,2024-01-01,Dining & restaurants,141.1
1787,2024-01-01,Dining & restaurants,516.1
1788,2024-01-01,Dining & restaurants,95.38
1789,2024-01-01,Dining & restaurants,325.43
1790,2024-01-01,Dining & restaurants,263.3
1791,2024-01-01,Dining & restaurants,646.55
1792,2024-01-01,Dining & restaurants,130.89
1793,2024-01-01,Dining & restaurants,146.65
1794,2024-01-01,Dining & restaurants,140.16
1795,2024-01-01,Dining & restaurants,613.53
1796,2024-01-01,Dining & restaurants,1258.9
1797,2024-01-01,Dining & restaurants,316.45
1798,2024-01-01,Dining & restaurants,682.68
1799,2024-01-01,Dining & restaurants,499.38
1800,2024-01-01,Dining & restaurants,1091.05
1801,2024-01-01,Dining & restaurants,345.0
1802,2024-01-01,Dining & restaurants,214.62
1803,2024-01-01,Dining & restaurants,352.59
1804,2024-01-01,Dining & restaurants,409.81
1805,2024-01-01,Dining & restaurants,236.09
1806,2024-01-01,Dining & restaurants,97.46
1807,2024-01-01,Dining & restaurants,97.27
1808,2024-01-01,Dining & restaurants,491.3
1809,2024-01-01,Dining & restaurants,387.03
1810,2024-01-01,Dining & restaurants,323.17
1811,2024-01-01,Dining & restaurants,411.68
1812,2024-01-01,Dining & restaurants,173.38
1813,2024-01-01,Dining & restaurants,340.4
1814,2024-01-01,Dining & restaurants,211.69
1815,2024-01-01,Dining & restaurants,480.32
1816,2024-01-01,Dining & restaurants,47.02
1817,2024-01-01,Dining & restaurants,402.63
1818,2024-01-01,Dining & restaurants,122.17
1819,2024-01-01,Dining & restaurants,177.41
1820,2024-01-01,Dining & restaurants,382.48
1821,2024-01-01,Dining & restaurants,365.33
1822,2024-01-01,Dining & restaurants,610.23
1823,2024-01-01,Dining & restaurants,341.1
1824,2024-01-01,Dining & restaurants,301.96
1825,2024-01-01,Dining & restaurants,247.99
1826,2024-01-01,Dining & restaurants,240.99
1827,2024-01-01,Dining & restaurants,685.0
1828,2024-01-01,Dining & restaurants,25.88
1829,2024-01-01,Dining & restaurants,270.57
1830,2024-01-01,Dining & restaurants,164.76
1831,2024-01-01,Dining & restaurants,138.48
1832,2024-01-01,Dining & restaurants,172.63
1833,2024-01-01,Dining & restaurants,44.51
1834,2024-01-01,Dining & restaurants,163.13
1835,2024-01-01,Dining & restaurants,294.42
1836,2024-01-01,Dining & restaurants,183.14
1837,2024-01-01,Dining & restaurants,811.07
1838,2024-01-01,Dining & restaurants,261.96
1839,2024-01-01,Dining & restaurants,187.66
1840,2024-01-01,Dining & restaurants,380.05
1841,2024-01-01,Dining & restaurants,264.07
1842,2024-01-01,Dining & restaurants,424.09
1843,2024-01-01,Dining & restaurants,441.23
1844,2024-01-01,Dining & restaurants,217.81
1845,2024-01-01,Dining & restaurants,33.35
1846,2024-01-01,Dining & restaurants,231.71
1847,2024-01-01,Dining & restaurants,707.38
1848,2024-01-01,Dining & restaurants,287.78
1849,2024-01-01,Dining & restaurants,70.0
1850,2024-01-01,Dining & restaurants,119.21
1851,2024-01-01,Dining & restaurants,290.39
1852,2024-01-01,Dining & restaurants,152.97
1853,2024-01-01,Dining & restaurants,210.59
1854,2024-01-01,Dining & restaurants,166.87
1855,2024-01-01,Dining & restaurants,137.32
1856,2024-01-01,Dining & restaurants,223.91
1857,2024-01-01,Dining & restaurants,108.19
1858,2024-01-01,Dining & restaurants,315.33
1859,2024-01-01,Dining & restaurants,194.26
1860,2024-01-01,Dining & restaurants,437.26
1861,2024-01-01,Dining & restaurants,247.35
1862,2024-01-01,Dining & restaurants,204.02
1863,2024-01-01,Dining & restaurants,210.5
1864,2024-01-01,Dining & restaurants,216.14
1865,2024-01-01,Dining & restaurants,204.77
1866,2024-01-01,Dining & restaurants,115.23
1867,2024-01-01,Dining & restaurants,903.36
1868,2024-01-01,Dining & restaurants,1684.76
1869,2024-01-01,Dining & restaurants,1178.61
1870,2024-01-01,Dining & restaurants,196.8
1871,2024-01-01,Dining & restaurants,118.17
1872,2024-01-01,Dining & restaurants,258.56
1873,2024-01-01,Dining & restaurants,79.62
1874,2024-01-01,Dining & restaurants,166.28
1875,2024-01-01,Dining & restaurants,388.11
1876,2024-01-01,Dining & restaurants,160.28
1877,2024-01-01,Dining & restaurants,174.01
1878,2024-01-01,Dining & restaurants,452.35
1879,2024-01-01,Dining & restaurants,98.88
1880,2024-01-01,Dining & restaurants,90.98
1881,2024-01-01,Dining & restaurants,187.25
1882,2024-01-01,Dining & restaurants,270.92
1883,2024-01-01,Dining & restaurants,163.31
1884,2024-01-01,Dining & restaurants,86.92
1885,2024-01-01,Dining & restaurants,306.32
1886,2024-01-01,Dining & restaurants,153.91
1887,2024-01-01,Dining & restaurants,389.2
1888,2024-01-01,Dining & restaurants,213.34
1889,2024-01-01,Dining & restaurants,183.04
1890,2024-01-01,Dining & restaurants,78.78
1891,2024-01-01,Dining & restaurants,1102.92
1892,2024-01-01,Dining & restaurants,449.33
1893,2024-01-01,Dining & restaurants,284.5
1894,2024-01-01,Dining & restaurants,724.65
1895,2024-01-01,Dining & restaurants,490.14
1896,2024-01-01,Dining & restaurants,760.68
1897,2024-01-01,Dining & restaurants,175.54
1898,2024-01-01,Dining & restaurants,201.68
1899,2024-01-01,Dining & restaurants,413.97
1900,2024-01-01,Dining & restaurants,183.18
1901,2024-01-01,Dining & restaurants,141.37
1902,2024-01-01,Dining & restaurants,574.44
1903,2024-01-01,Dining & restaurants,139.48
1904,2024-01-01,Dining & restaurants,347.18
1905,2024-01-01,Dining & restaurants,191.98
1906,2024-01-01,Dining & restaurants,363.65
1907,2024-01-01,Dining & restaurants,64.66
1908,2024-01-01,Dining & restaurants,396.49
1909,2024-01-01,Dining & restaurants,1207.55
1910,2024-01-01,Dining & restaurants,787.06
1911,2024-01-01,Dining & restaurants,281.49
1912,2024-01-01,Dining & restaurants,200.43
1913,2024-01-01,Dining & restaurants,56.44
1914,2024-01-01,Dining & restaurants,163.42
1915,2024-01-01,Dining & restaurants,449.88
1916,2024-01-01,Dining & restaurants,38.85
1917,2024-01-01,Dining & restaurants,246.12
1918,2024-01-01,Dining & restaurants,98.12
1919,2024-01-01,Dining & restaurants,453.91
1920,2024-01-01,Dining & restaurants,271.48
1921,2024-01-01,Dining & restaurants,158.98
1922,2024-01-01,Dining & restaurants,653.72
1923,2024-01-01,Dining & restaurants,339.68
1924,2024-01-01,Dining & restaurants,210.63
1925,2024-01-01,Dining & restaurants,91.19
1926,2024-01-01,Dining & restaurants,279.74
1927,2024-01-01,Dining & restaurants,99.17
1928,2024-01-01,Dining & restaurants,251.33
1929,2024-01-01,Dining & restaurants,149.69
1930,2024-01-01,Dining & restaurants,306.49
1931,2024-01-01,Dining & restaurants,112.59
1932,2024-01-01,Dining & restaurants,141.6
1933,2024-01-01,Dining & restaurants,93.95
1934,2024-01-01,Dining & restaurants,134.95
1935,2024-01-01,Dining & restaurants,292.39
1936,2024-01-01,Dining & restaurants,292.21
1937,2024-01-01,Dining & restaurants,1555.39
1938,2024-01-01,Dining & restaurants,42.95
1939,2024-01-01,Dining & restaurants,167.91
1940,2024-01-01,Dining & restaurants,476.08
1941,2024-01-01,Dining & restaurants,1062.01
1942,2024-01-01,Dining & restaurants,611.92
1943,2024-01-01,Dining & restaurants,192.21
1944,2024-01-01,Dining & restaurants,183.53
1945,2024-01-01,Dining & restaurants,258.35
1946,2024-01-01,Dining & restaurants,159.33
1947,2024-01-01,Dining & restaurants,327.5
1948,2024-01-01,Dining & restaurants,332.81
1949,2024-01-01,Dining & restaurants,82.86
1950,2024-01-01,Dining & restaurants,455.42
1951,2024-01-01,Dining & restaurants,1231.08
1952,2024-01-01,Dining & restaurants,234.88
1953,2024-01-01,Dining & restaurants,317.66
1954,2024-01-01,Dining & restaurants,104.96
1955,2024-01-01,Dining & restaurants,75.72
1956,2024-01-01,Dining & restaurants,118.7
1957,2024-01-01,Dining & restaurants,104.52
1958,2024-01-01,Dining & restaurants,272.48
1959,2024-01-01,Dining & restaurants,179.22
1960,2024-01-01,Dining & restaurants,227.48
1961,2024-01-01,Dining & restaurants,749.3
1962,2024-01-01,Dining & restaurants,613.0
1963,2024-01-01,Dining & restaurants,223.73
1964,2024-01-01,Dining & restaurants,374.08
1965,2024-01-01,Dining & restaurants,96.83
1966,2024-01-01,Dining & restaurants,155.15
1967,2024-01-01,Dining & restaurants,165.63
1968,2024-01-01,Dining & restaurants,150.09
1969,2024-01-01,Dining & restaurants,178.57
1970,2024-01-01,Dining & restaurants,716.71
1971,2024-01-01,Dining & restaurants,340.67
1972,2024-01-01,Dining & restaurants,37.79
1973,2024-01-01,Dining & restaurants,597.6
1974,2024-01-01,Dining & restaurants,73.15
1975,2024-01-01,Dining & restaurants,717.1
1976,2024-01-01,Dining & restaurants,44.81
1977,2024-01-01,Dining & restaurants,591.78
1978,2024-01-01,Dining & restaurants,418.85
1979,2024-01-01,Dining & restaurants,285.69
1980,2024-01-01,Dining & restaurants,112.85
1981,2024-01-01,Dining & restaurants,459.59
1982,2024-01-01,Dining & restaurants,230.46
1983,2024-01-01,Dining & restaurants,102.92
1984,2024-01-01,Dining & restaurants,444.35
1985,2024-01-01,Dining & restaurants,1804.36
1986,2024-01-01,Dining & restaurants,1479.13
1987,2024-01-01,Dining & restaurants,224.19
1988,2024-01-01,Dining & restaurants,126.97
1989,2024-01-01,Dining & restaurants,257.88
1990,2024-01-01,Dining & restaurants,97.06
1991,2024-01-01,Dining & restaurants,596.06
1992,2024-01-01,Dining & restaurants,772.52
1993,2024-01-01,Dining & restaurants,747.5
1994,2024-01-01,Dining & restaurants,589.09
1995,2024-01-01,Dining & restaurants,349.31
1996,2024-01-01,Dining & restaurants,163.48
1997,2024-01-01,Dining & restaurants,158.19
1998,2024-01-01,Dining & restaurants,384.76
1999,2024-01-01,Dining & restaurants,1075.61
2000,2024-01-01,Dining & restaurants,155.58
2001,2024-01-01,Dining & restaurants,385.55
2002,2024-01-01,Dining & restaurants,406.05
2003,2024-01-01,Dining & restaurants,53.12
2004,2024-01-01,Dining & restaurants,1399.57
2005,2024-01-01,Dining & restaurants,453.52
2006,2024-01-01,Dining & restaurants,517.03
2007,2024-01-01,Dining & restaurants,522.66
2008,2024-01-01,Dining & restaurants,361.01
2009,2024-01-01,Dining & restaurants,763.12
2010,2024-01-01,Dining & restaurants,171.96
2011,2024-01-01,Dining & restaurants,422.68
2012,2024-01-01,Dining & restaurants,381.49
2013,2024-01-01,Dining & restaurants,41.96
2014,2024-01-01,Dining & restaurants,1035.68
2015,2024-01-01,Dining & restaurants,372.92
2016,2024-01-01,Dining & restaurants,349.98
2017,2024-01-01,Dining & restaurants,127.06
2018,2024-01-01,Dining & restaurants,44.0
2019,2024-01-01,Dining & restaurants,1064.99
2020,2024-01-01,Dining & restaurants,737.48
2021,2024-01-01,Dining & restaurants,120.96
2022,2024-01-01,Dining & restaurants,513.77
2023,2024-01-01,Dining & restaurants,45.78
2024,2024-01-01,Dining & restaurants,506.41
2025,2024-01-01,Dining & restaurants,287.18
2026,2024-01-01,Dining & restaurants,107.51
2027,2024-01-01,Dining & restaurants,517.94
2028,2024-01-01,Dining & restaurants,67.08
2029,2024-01-01,Dining & restaurants,364.24
2030,2024-01-01,Dining & restaurants,306.72
2031,2024-01-01,Dining & restaurants,345.47
2032,2024-01-01,Dining & restaurants,86.38
2033,2024-01-01,Dining & restaurants,200.32
2034,2024-01-01,Dining & restaurants,219.97
2035,2024-01-01,Dining & restaurants,106.13
2036,2024-01-01,Dining & restaurants,208.14
2037,2024-01-01,Dining & restaurants,1289.47
2038,2024-01-01,Dining & restaurants,720.76
2039,2024-01-01,Dining & restaurants,474.12
2040,2024-01-01,Dining & restaurants,59.53
2041,2024-01-01,Dining & restaurants,149.19
2042,2024-01-01,Dining & restaurants,135.99
2043,2024-01-01,Dining & restaurants,219.33
2044,2024-01-01,Dining & restaurants,520.64
2045,2024-01-01,Dining & restaurants,274.74
2046,2024-01-01,Dining & restaurants,593.66
2047,2024-01-01,Dining & restaurants,232.95
2048,2024-01-01,Dining & restaurants,834.55
2049,2024-01-01,Dining & restaurants,59.17
2050,2024-01-01,Dining & restaurants,1220.68
2051,2024-01-01,Dining & restaurants,129.62
2052,2024-01-01,Dining & restaurants,131.89
2053,2024-01-01,Dining & restaurants,346.4
2054,2024-01-01,Dining & restaurants,85.65
2055,2024-01-01,Dining & restaurants,209.08
2056,2024-01-01,Dining & restaurants,143.4
2057,2024-01-01,Dining & restaurants,470.06
2058,2024-01-01,Dining & restaurants,947.98
2059,2024-01-01,Dining & restaurants,48.22
2060,2024-01-01,Dining & restaurants,109.67
2061,2024-01-01,Dining & restaurants,411.73
2062,2024-01-01,Dining & restaurants,227.03
2063,2024-01-01,Dining & restaurants,52.96
2064,2024-01-01,Dining & restaurants,744.86
2065,2024-01-01,Dining & restaurants,696.44
2066,2024-01-01,Dining & restaurants,301.49
2067,2024-01-01,Dining & restaurants,361.81
2068,2024-01-01,Dining & restaurants,459.57
2069,2024-01-01,Dining & restaurants,782.45
2070,2024-01-01,Dining & restaurants,101.66
2071,2024-01-01,Dining & restaurants,271.77
2072,2024-01-01,Dining & restaurants,166.66
2073,2024-01-01,Dining & restaurants,557.86
2074,2024-01-01,Dining & restaurants,187.9
2075,2024-01-01,Dining & restaurants,212.28
2076,2024-01-01,Dining & restaurants,101.72
2077,2024-01-01,Dining & restaurants,388.91
2078,2024-01-01,Dining & restaurants,491.03
2079,2024-01-01,Dining & restaurants,35.71
2080,2024-01-01,Dining & restaurants,68.34
2081,2024-01-01,Dining & restaurants,339.93
2082,2024-01-01,Dining & restaurants,348.49
2083,2024-01-01,Dining & restaurants,239.08
2084,2024-01-01,Dining & restaurants,135.57
2085,2024-01-01,Dining & restaurants,530.83
2086,2024-01-01,Dining & restaurants,135.47
2087,2024-01-01,Dining & restaurants,1324.22
2088,2024-01-01,Dining & restaurants,185.67
2089,2024-01-01,Dining & restaurants,203.74
2090,2024-01-01,Dining & restaurants,76.1
2091,2024-01-01,Dining & restaurants,264.63
2092,2024-01-01,Dining & restaurants,52.65
2093,2024-01-01,Dining & restaurants,606.46
2094,2024-01-01,Dining & restaurants,250.68
2095,2024-01-01,Dining & restaurants,292.76
2096,2024-01-01,Dining & restaurants,510.66
2097,2024-01-01,Dining & restaurants,381.83
2098,2024-01-01,Dining & restaurants,315.95
2099,2024-01-01,Dining & restaurants,377.72
2100,2024-01-01,Dining & restaurants,1102.43
2101,2024-01-01,Dining & restaurants,42.18
2102,2024-01-01,Dining & restaurants,144.65
2103,2024-01-01,Dining & restaurants,472.83
2104,2024-01-01,Dining & restaurants,46.19
2105,2024-01-01,Dining & restaurants,138.48
2106,2024-01-01,Dining & restaurants,319.15
2107,2024-01-01,Dining & restaurants,71.75
2108,2024-01-01,Dining & restaurants,90.78
2109,2024-01-01,Dining & restaurants,233.04
2110,2024-01-01,Dining & restaurants,56.82
2111,2024-01-01,Dining & restaurants,338.35
2112,2024-01-01,Dining & restaurants,910.38
2113,2024-01-01,Dining & restaurants,565.57
2114,2024-01-01,Dining & restaurants,242.22
2115,2024-01-01,Dining & restaurants,597.36
2116,2024-01-01,Dining & restaurants,449.64
2117,2024-01-01,Dining & restaurants,135.33
2118,2024-01-01,Dining & restaurants,153.77
2119,2024-01-01,Dining & restaurants,554.16
2120,2024-01-01,Dining & restaurants,182.47
2121,2024-01-01,Dining & restaurants,351.96
2122,2024-01-01,Dining & restaurants,346.33
2123,2024-01-01,Dining & restaurants,45.19
2124,2024-01-01,Dining & restaurants,77.65
2125,2024-01-01,Dining & restaurants,80.4
2126,2024-01-01,Dining & restaurants,176.92
2127,2024-01-01,Dining & restaurants,226.96
2128,2024-01-01,Dining & restaurants,271.72
2129,2024-01-01,Dining & restaurants,267.89
2130,2024-01-01,Dining & restaurants,532.51
2131,2024-01-01,Dining & restaurants,291.71
2132,2024-01-01,Dining & restaurants,978.68
2133,2024-01-01,Dining & restaurants,50.29
2134,2024-01-01,Dining & restaurants,109.35
2135,2024-01-01,Dining & restaurants,177.45
2136,2024-01-01,Dining & restaurants,345.07
2137,2024-01-01,Dining & restaurants,1248.57
2138,2024-01-01,Dining & restaurants,296.63
2139,2024-01-01,Dining & restaurants,279.7
2140,2024-01-01,Dining & restaurants,254.46
2141,2024-01-01,Dining & restaurants,253.62
2142,2024-01-01,Dining & restaurants,132.99
2143,2024-01-01,Dining & restaurants,101.23
2144,2024-01-01,Dining & restaurants,255.66
2145,2024-01-01,Dining & restaurants,401.09
2146,2024-01-01,Dining & restaurants,133.82
2147,2024-01-01,Dining & restaurants,107.01
2148,2024-01-01,Dining & restaurants,145.21
2149,2024-01-01,Dining & restaurants,148.67
2150,2024-01-01,Dining & restaurants,187.2
2151,2024-01-01,Dining & restaurants,211.95
2152,2024-01-01,Dining & restaurants,435.37
2153,2024-01-01,Dining & restaurants,139.65
2154,2024-01-01,Dining & restaurants,160.56
2155,2024-01-01,Dining & restaurants,420.02
2156,2024-01-01,Dining & restaurants,616.79
2157,2024-01-01,Dining & restaurants,214.62
2158,2024-01-01,Dining & restaurants,111.21
2159,2024-01-01,Dining & restaurants,548.12
2160,2024-01-01,Dining & restaurants,153.72
2161,2024-01-01,Dining & restaurants,256.3
2162,2024-01-01,Dining & restaurants,289.28
2163,2024-01-01,Dining & restaurants,488.38
2164,2024-01-01,Dining & restaurants,256.96
2165,2024-01-01,Dining & restaurants,148.12
2166,2024-01-01,Dining & restaurants,159.13
2167,2024-01-01,Dining & restaurants,114.62
2168,2024-01-01,Dining & restaurants,681.0
2169,2024-01-01,Dining & restaurants,114.17
2170,2024-01-01,Dining & restaurants,278.66
2171,2024-01-01,Dining & restaurants,104.11
2172,2024-01-01,Dining & restaurants,891.06
2173,2024-01-01,Dining & restaurants,142.17
2174,2024-01-01,Dining & restaurants,418.17
2175,2024-01-01,Dining & restaurants,406.06
2176,2024-01-01,Dining & restaurants,134.47
2177,2024-01-01,Dining & restaurants,340.17
2178,2024-01-01,Dining & restaurants,131.98
2179,2024-01-01,Dining & restaurants,207.78
2180,2024-01-01,Dining & restaurants,151.65
2181,2024-01-01,Dining & restaurants,406.29
2182,2024-01-01,Dining & restaurants,894.35
2183,2024-01-01,Dining & restaurants,1547.89
2184,2024-01-01,Dining & restaurants,1026.02
2185,2024-01-01,Dining & restaurants,274.54
2186,2024-01-01,Dining & restaurants,85.91
2187,2024-01-01,Dining & restaurants,158.84
2188,2024-01-01,Dining & restaurants,277.68
2189,2024-01-01,Dining & restaurants,148.07
2190,2024-01-01,Dining & restaurants,604.38
2191,2024-01-01,Dining & restaurants,135.73
2192,2024-01-01,Dining & restaurants,59.91
2193,2024-01-01,Dining & restaurants,356.8
2194,2024-01-01,Dining & restaurants,303.01
2195,2024-01-01,Dining & restaurants,635.82
2196,2024-01-01,Dining & restaurants,294.57
2197,2024-01-01,Dining & restaurants,195.39
2198,2024-01-01,Dining & restaurants,182.77
2199,2024-01-01,Dining & restaurants,57.97
2200,2024-01-01,Dining & restaurants,247.71
2201,2024-01-01,Dining & restaurants,79.82
2202,2024-01-01,Dining & restaurants,631.21
2203,2024-01-01,Dining & restaurants,914.05
2204,2024-01-01,Dining & restaurants,335.33
2205,2024-01-01,Dining & restaurants,82.04
2206,2024-01-01,Dining & restaurants,97.96
2207,2024-01-01,Dining & restaurants,193.7
2208,2024-01-01,Dining & restaurants,223.42
2209,2024-01-01,Dining & restaurants,399.08
2210,2024-01-01,Dining & restaurants,239.25
2211,2024-01-01,Dining & restaurants,203.56
2212,2024-01-01,Dining & restaurants,175.89
2213,2024-01-01,Dining & restaurants,354.18
2214,2024-01-01,Dining & restaurants,49.04
2215,2024-01-01,Dining & restaurants,167.39
2216,2024-01-01,Dining & restaurants,213.23
2217,2024-01-01,Dining & restaurants,645.56
2218,2024-01-01,Dining & restaurants,337.32
2219,2024-01-01,Dining & restaurants,125.8
2220,2024-01-01,Dining & restaurants,1184.84
2221,2024-01-01,Dining & restaurants,217.42
2222,2024-01-01,Dining & restaurants,514.52
2223,2024-01-01,Dining & restaurants,475.69
2224,2024-01-01,Dining & restaurants,568.17
2225,2024-01-01,Dining & restaurants,1138.03
2226,2024-01-01,Dining & restaurants,225.24
2227,2024-01-01,Dining & restaurants,231.2
2228,2024-01-01,Dining & restaurants,301.97
2229,2024-01-01,Dining & restaurants,482.59
2230,2024-01-01,Dining & restaurants,352.95
2231,2024-01-01,Dining & restaurants,194.88
2232,2024-01-01,Dining & restaurants,534.04
2233,2024-01-01,Dining & restaurants,90.74
2234,2024-01-01,Dining & restaurants,92.15
2235,2024-01-01,Dining & restaurants,100.75
2236,2024-01-01,Dining & restaurants,50.2
2237,2024-01-01,Dining & restaurants,129.35
2238,2024-01-01,Dining & restaurants,452.36
2239,2024-01-01,Dining & restaurants,492.42
2240,2024-01-01,Dining & restaurants,176.74
2241,2024-01-01,Dining & restaurants,138.87
2242,2024-01-01,Dining & restaurants,205.43
2243,2024-01-01,Dining & restaurants,83.34
2244,2024-01-01,Dining & restaurants,48.89
2245,2024-01-01,Dining & restaurants,157.7
2246,2024-01-01,Dining & restaurants,339.76
2247,2024-01-01,Dining & restaurants,895.85
2248,2024-01-01,Dining & restaurants,393.97
2249,2024-01-01,Dining & restaurants,116.97
2250,2024-01-01,Dining & restaurants,520.18
2251,2024-01-01,Dining & restaurants,447.57
2252,2024-01-01,Dining & restaurants,71.42
2253,2024-01-01,Dining & restaurants,329.42
2254,2024-01-01,Dining & restaurants,221.73
2255,2024-01-01,Dining & restaurants,302.7
2256,2024-01-01,Dining & restaurants,117.19
2257,2024-01-01,Dining & restaurants,381.72
2258,2024-01-01,Dining & restaurants,103.33
2259,2024-01-01,Dining & restaurants,239.72
2260,2024-01-01,Dining & restaurants,312.04
2261,2024-01-01,Dining & restaurants,322.97
2262,2024-01-01,Dining & restaurants,481.31
2263,2024-01-01,Dining & restaurants,181.0
2264,2024-01-01,Dining & restaurants,195.33
2265,2024-01-01,Dining & restaurants,128.32
2266,2024-01-01,Dining & restaurants,94.01
2267,2024-01-01,Dining & restaurants,179.14
2268,2024-01-01,Dining & restaurants,178.79
2269,2024-01-01,Dining & restaurants,689.33
2270,2024-01-01,Dining & restaurants,162.32
2271,2024-01-01,Dining & restaurants,381.65
2272,2024-01-01,Dining & restaurants,499.59
2273,2024-01-01,Dining & restaurants,133.12
2274,2024-01-01,Dining & restaurants,117.55
2275,2024-01-01,Dining & restaurants,55.23
2276,2024-01-01,Dining & restaurants,146.82
2277,2024-01-01,Dining & restaurants,115.36
2278,2024-01-01,Dining & restaurants,92.26
2279,2024-01-01,Dining & restaurants,285.32
2280,2024-01-01,Dining & restaurants,1543.25
2281,2024-01-01,Dining & restaurants,124.79
2282,2024-01-01,Dining & restaurants,300.2
2283,2024-01-01,Dining & restaurants,174.38
2284,2024-01-01,Dining & restaurants,746.6
2285,2024-01-01,Dining & restaurants,385.83
2286,2024-01-01,Dining & restaurants,338.78
2287,2024-01-01,Dining & restaurants,79.06
2288,2024-01-01,Dining & restaurants,366.48
2289,2024-01-01,Dining & restaurants,104.47
2290,2024-01-01,Dining & restaurants,765.46
2291,2024-01-01,Dining & restaurants,104.87
2292,2024-01-01,Dining & restaurants,541.35
2293,2024-01-01,Dining & restaurants,300.17
2294,2024-01-01,Dining & restaurants,120.59
2295,2024-01-01,Dining & restaurants,2636.83
2296,2024-01-01,Dining & restaurants,748.41
2297,2024-01-01,Dining & restaurants,775.35
2298,2024-01-01,Dining & restaurants,321.95
2299,2024-01-01,Dining & restaurants,3026.86
2300,2024-01-01,Dining & restaurants,288.98
2301,2024-01-01,Dining & restaurants,363.88
2302,2024-01-01,Dining & restaurants,449.01
2303,2024-01-01,Dining & restaurants,214.68
2304,2024-01-01,Dining & restaurants,278.3
2305,2024-01-01,Dining & restaurants,77.5
2306,2024-01-01,Dining & restaurants,298.77
2307,2024-01-01,Dining & restaurants,427.66
2308,2024-01-01,Dining & restaurants,397.97
2309,2024-01-01,Dining & restaurants,1036.58
2310,2024-01-01,Dining & restaurants,647.24
2311,2024-01-01,Dining & restaurants,325.3
2312,2024-01-01,Dining & restaurants,278.1
2313,2024-01-01,Dining & restaurants,184.07
2314,2024-01-01,Dining & restaurants,252.11
2315,2024-01-01,Dining & restaurants,594.52
2316,2024-01-01,Dining & restaurants,183.85
2317,2024-01-01,Dining & restaurants,536.91
2318,2024-01-01,Dining & restaurants,197.79
2319,2024-01-01,Dining & restaurants,200.76
2320,2024-01-01,Dining & restaurants,593.99
2321,2024-01-01,Dining & restaurants,108.29
2322,2024-01-01,Dining & restaurants,113.89
2323,2024-01-01,Dining & restaurants,99.75
2324,2024-01-01,Dining & restaurants,442.18
2325,2024-01-01,Dining & restaurants,637.34
2326,2024-01-01,Dining & restaurants,186.64
2327,2024-01-01,Dining & restaurants,419.19
2328,2024-01-01,Dining & restaurants,266.73
2329,2024-01-01,Dining & restaurants,126.22
2330,2024-01-01,Dining & restaurants,336.71
2331,2024-01-01,Dining & restaurants,158.25
2332,2024-01-01,Dining & restaurants,643.86
2333,2024-01-01,Dining & restaurants,122.41
2334,2024-01-01,Dining & restaurants,68.93
2335,2024-01-01,Dining & restaurants,733.15
2336,2024-01-01,Dining & restaurants,268.96
2337,2024-01-01,Dining & restaurants,669.28
2338,2024-01-01,Dining & restaurants,97.53
2339,2024-01-01,Dining & restaurants,857.35
2340,2024-01-01,Dining & restaurants,161.26
2341,2024-01-01,Dining & restaurants,241.32
2342,2024-01-01,Dining & restaurants,556.26
2343,2024-01-01,Dining & restaurants,476.9
2344,2024-01-01,Dining & restaurants,361.75
2345,2024-01-01,Dining & restaurants,50.36
2346,2024-01-01,Dining & restaurants,214.9
2347,2024-01-01,Dining & restaurants,183.95
2348,2024-01-01,Dining & restaurants,326.49
2349,2024-01-01,Dining & restaurants,338.73
2350,2024-01-01,Dining & restaurants,681.71
2351,2024-01-01,Dining & restaurants,458.05
2352,2024-01-01,Dining & restaurants,52.11
2353,2024-01-01,Dining & restaurants,168.28
2354,2024-01-01,Dining & restaurants,716.88
2355,2024-01-01,Dining & restaurants,157.15
2356,2024-01-01,Dining & restaurants,1016.48
2357,2024-01-01,Dining & restaurants,34.72
2358,2024-01-01,Dining & restaurants,577.73
2359,2024-01-01,Dining & restaurants,718.05
2360,2024-01-01,Dining & restaurants,690.68
2361,2024-01-01,Dining & restaurants,1455.97
2362,2024-01-01,Dining & restaurants,229.94
2363,2024-01-01,Dining & restaurants,522.7
2364,2024-01-01,Dining & restaurants,52.76
2365,2024-01-01,Dining & restaurants,234.28
2366,2024-01-01,Dining & restaurants,855.48
2367,2024-01-01,Dining & restaurants,517.87
2368,2024-01-01,Dining & restaurants,169.01
2369,2024-01-01,Dining & restaurants,324.76
2370,2024-01-01,Dining & restaurants,215.01
2371,2024-01-01,Dining & restaurants,419.96
2372,2024-01-01,Dining & restaurants,729.82
2373,2024-01-01,Dining & restaurants,79.29
2374,2024-01-01,Dining & restaurants,582.41
2375,2024-01-01,Dining & restaurants,85.09
2376,2024-01-01,Dining & restaurants,431.52
2377,2024-01-01,Dining & restaurants,146.0
2378,2024-01-01,Dining & restaurants,339.82
2379,2024-01-01,Dining & restaurants,230.97
2380,2024-01-01,Dining & restaurants,324.32
2381,2024-01-01,Dining & restaurants,243.38
2382,2024-01-01,Dining & restaurants,195.95
2383,2024-01-01,Dining & restaurants,148.45
2384,2024-01-01,Dining & restaurants,453.69
2385,2024-01-01,Dining & restaurants,207.64
2386,2024-01-01,Dining & restaurants,795.12
2387,2024-01-01,Dining & restaurants,318.28
2388,2024-01-01,Dining & restaurants,349.5
2389,2024-01-01,Dining & restaurants,106.38
2390,2024-01-01,Dining & restaurants,219.55
2391,2024-01-01,Dining & restaurants,1088.76
2392,2024-01-01,Dining & restaurants,131.92
2393,2024-01-01,Dining & restaurants,161.05
2394,2024-01-01,Dining & restaurants,1186.94
2395,2024-01-01,Dining & restaurants,86.94
2396,2024-01-01,Dining & restaurants,417.84
2397,2024-01-01,Dining & restaurants,626.55
2398,2024-01-01,Dining & restaurants,714.3
2399,2024-01-01,Dining & restaurants,311.57
2400,2024-01-01,Dining & restaurants,459.91
2401,2024-01-01,Dining & restaurants,678.99
2402,2024-01-01,Dining & restaurants,1088.85
2403,2024-01-01,Dining & restaurants,193.83
2404,2024-01-01,Dining & restaurants,107.83
2405,2024-01-01,Dining & restaurants,390.3
2406,2024-01-01,Dining & restaurants,153.63
2407,2024-01-01,Dining & restaurants,125.43
2408,2024-01-01,Dining & restaurants,333.12
2409,2024-01-01,Dining & restaurants,139.3
2410,2024-01-01,Dining & restaurants,238.08
2411,2024-01-01,Dining & restaurants,98.12
2412,2024-01-01,Dining & restaurants,1262.71
2413,2024-01-01,Dining & restaurants,86.0
2414,2024-01-01,Dining & restaurants,478.85
2415,2024-01-01,Dining & restaurants,193.15
2416,2024-01-01,Dining & restaurants,28.82
2417,2024-01-01,Dining & restaurants,468.2
2418,2024-01-01,Dining & restaurants,292.19
2419,2024-01-01,Dining & restaurants,959.42
2420,2024-01-01,Dining & restaurants,241.9
2421,2024-01-01,Dining & restaurants,1015.84
2422,2024-01-01,Dining & restaurants,465.44
2423,2024-01-01,Dining & restaurants,210.07
2424,2024-01-01,Dining & restaurants,355.21
2425,2024-01-01,Dining & restaurants,356.59
2426,2024-01-01,Dining & restaurants,99.31
2427,2024-01-01,Dining & restaurants,844.83
2428,2024-01-01,Dining & restaurants,137.75
2429,2024-01-01,Dining & restaurants,191.71
2430,2024-01-01,Dining & restaurants,176.01
2431,2024-01-01,Dining & restaurants,115.4
2432,2024-01-01,Dining & restaurants,115.84
2433,2024-01-01,Dining & restaurants,55.64
2434,2024-01-01,Dining & restaurants,274.07
2435,2024-01-01,Dining & restaurants,105.59
2436,2024-01-01,Dining & restaurants,408.66
2437,2024-01-01,Dining & restaurants,511.53
2438,2024-01-01,Dining & restaurants,705.59
2439,2024-01-01,Dining & restaurants,166.3
2440,2024-01-01,Dining & restaurants,544.35
2441,2024-01-01,Dining & restaurants,296.71
2442,2024-01-01,Dining & restaurants,272.19
2443,2024-01-01,Dining & restaurants,138.37
2444,2024-01-01,Dining & restaurants,101.46
2445,2024-01-01,Dining & restaurants,326.09
2446,2024-01-01,Dining & restaurants,707.76
2447,2024-01-01,Dining & restaurants,310.32
2448,2024-01-01,Dining & restaurants,95.3
2449,2024-01-01,Dining & restaurants,3135.0
2450,2024-01-01,Dining & restaurants,439.27
2451,2024-01-01,Dining & restaurants,127.87
2452,2024-01-01,Dining & restaurants,290.09
2453,2024-01-01,Dining & restaurants,413.4
2454,2024-01-01,Dining & restaurants,386.45
2455,2024-01-01,Dining & restaurants,97.88
2456,2024-01-01,Dining & restaurants,269.17
2457,2024-01-01,Dining & restaurants,533.09
2458,2024-01-01,Dining & restaurants,330.41
2459,2024-01-01,Dining & restaurants,126.51
2460,2024-01-01,Dining & restaurants,210.6
2461,2024-01-01,Dining & restaurants,192.83
2462,2024-01-01,Dining & restaurants,218.26
2463,2024-01-01,Dining & restaurants,87.4
2464,2024-01-01,Dining & restaurants,100.66
2465,2024-01-01,Dining & restaurants,113.39
2466,2024-01-01,Dining & restaurants,374.49
2467,2024-01-01,Dining & restaurants,295.01
2468,2024-01-01,Dining & restaurants,258.05
2469,2024-01-01,Dining & restaurants,158.45
2470,2024-01-01,Dining & restaurants,313.08
2471,2024-01-01,Dining & restaurants,248.86
2472,2024-01-01,Dining & restaurants,369.64
2473,2024-01-01,Dining & restaurants,32.79
2474,2024-01-01,Dining & restaurants,132.63
2475,2024-01-01,Dining & restaurants,145.97
2476,2024-01-01,Dining & restaurants,272.83
2477,2024-01-01,Dining & restaurants,920.68
2478,2024-01-01,Dining & restaurants,312.84
2479,2024-01-01,Dining & restaurants,406.29
2480,2024-01-01,Dining & restaurants,240.54
2481,2024-01-01,Dining & restaurants,360.23
2482,2024-01-01,Dining & restaurants,150.29
2483,2024-01-01,Dining & restaurants,67.76
2484,2024-01-01,Dining & restaurants,1158.09
2485,2024-01-01,Dining & restaurants,271.91
2486,2024-01-01,Dining & restaurants,87.23
2487,2024-01-01,Dining & restaurants,99.03
2488,2024-01-01,Dining & restaurants,271.06
2489,2024-01-01,Dining & restaurants,181.77
2490,2024-01-01,Dining & restaurants,263.66
2491,2024-01-01,Dining & restaurants,373.58
2492,2024-01-01,Dining & restaurants,152.56
2493,2024-01-01,Dining & restaurants,413.96
2494,2024-01-01,Dining & restaurants,289.79
2495,2024-01-01,Dining & restaurants,45.19
2496,2024-01-01,Dining & restaurants,346.82
2497,2024-01-01,Dining & restaurants,115.0
2498,2024-01-01,Dining & restaurants,510.0
2499,2024-01-01,Dining & restaurants,51.91
2500,2024-01-01,Dining & restaurants,191.8
2501,2024-01-01,Dining & restaurants,297.69
2502,2024-01-01,Dining & restaurants,661.88
2503,2024-01-01,Dining & restaurants,692.81
2504,2024-01-01,Dining & restaurants,174.3
2505,2024-01-01,Dining & restaurants,299.93
2506,2024-01-01,Dining & restaurants,327.3
2507,2024-01-01,Dining & restaurants,227.12
2508,2024-01-01,Dining & restaurants,191.0
2509,2024-01-01,Dining & restaurants,251.27
2510,2024-01-01,Dining & restaurants,138.92
2511,2024-01-01,Dining & restaurants,255.16
2512,2024-01-01,Dining & restaurants,229.26
2513,2024-01-01,Dining & restaurants,356.88
2514,2024-01-01,Dining & restaurants,199.22
2515,2024-01-01,Dining & restaurants,72.0
2516,2024-01-01,Dining & restaurants,59.69
2517,2024-01-01,Dining & restaurants,716.74
2518,2024-01-01,Dining & restaurants,345.02
2519,2024-01-01,Dining & restaurants,212.09
2520,2024-01-01,Dining & restaurants,107.61
2521,2024-01-01,Dining & restaurants,147.53
2522,2024-01-01,Dining & restaurants,272.53
2523,2024-01-01,Dining & restaurants,166.47
2524,2024-01-01,Dining & restaurants,228.77
2525,2024-01-01,Dining & restaurants,136.82
2526,2024-01-01,Dining & restaurants,310.87
2527,2024-01-01,Dining & restaurants,476.28
2528,2024-01-01,Dining & restaurants,152.99
2529,2024-01-01,Dining & restaurants,321.51
2530,2024-01-01,Dining & restaurants,145.62
2531,2024-01-01,Dining & restaurants,120.36
2532,2024-01-01,Dining & restaurants,150.98
2533,2024-01-01,Dining & restaurants,380.09
2534,2024-01-01,Dining & restaurants,1108.72
2535,2024-01-01,Dining & restaurants,295.96
2536,2024-01-01,Dining & restaurants,229.23
2537,2024-01-01,Dining & restaurants,171.69
2538,2024-01-01,Dining & restaurants,463.43
2539,2024-01-01,Dining & restaurants,96.41
2540,2024-01-01,Dining & restaurants,183.05
2541,2024-01-01,Dining & restaurants,242.08
2542,2024-01-01,Dining & restaurants,315.12
2543,2024-01-01,Dining & restaurants,208.18
2544,2024-01-01,Dining & restaurants,141.89
2545,2024-01-01,Dining & restaurants,1674.9
2546,2024-01-01,Dining & restaurants,270.41
2547,2024-01-01,Dining & restaurants,638.46
2548,2024-01-01,Dining & restaurants,608.09
2549,2024-01-01,Dining & restaurants,457.86
2550,2024-01-01,Dining & restaurants,1043.78
2551,2024-01-01,Dining & restaurants,310.13
2552,2024-01-01,Dining & restaurants,552.97
2553,2024-01-01,Dining & restaurants,617.25
2554,2024-01-01,Dining & restaurants,69.75
2555,2024-01-01,Dining & restaurants,742.27
2556,2024-01-01,Dining & restaurants,323.85
2557,2024-01-01,Dining & restaurants,285.34
2558,2024-01-01,Dining & restaurants,206.57
2559,2024-01-01,Dining & restaurants,416.52
2560,2024-01-01,Dining & restaurants,155.92
2561,2024-01-01,Dining & restaurants,303.16
2562,2024-01-01,Dining & restaurants,169.57
2563,2024-01-01,Dining & restaurants,378.89
2564,2024-01-01,Dining & restaurants,1218.24
2565,2024-01-01,Dining & restaurants,493.99
2566,2024-01-01,Dining & restaurants,735.23
2567,2024-01-01,Dining & restaurants,291.5
2568,2024-01-01,Dining & restaurants,257.9
2569,2024-01-01,Dining & restaurants,127.45
2570,2024-01-01,Dining & restaurants,108.44
2571,2024-01-01,Dining & restaurants,263.11
2572,2024-01-01,Dining & restaurants,67.96
2573,2024-01-01,Dining & restaurants,379.19
2574,2024-01-01,Dining & restaurants,119.68
2575,2024-01-01,Dining & restaurants,380.43
2576,2024-01-01,Dining & restaurants,312.5
2577,2024-01-01,Dining & restaurants,34.68
2578,2024-01-01,Dining & restaurants,90.65
2579,2024-01-01,Dining & restaurants,221.44
2580,2024-01-01,Dining & restaurants,131.47
2581,2024-01-01,Dining & restaurants,1070.16
2582,2024-01-01,Dining & restaurants,130.98
2583,2024-01-01,Dining & restaurants,74.9
2584,2024-01-01,Dining & restaurants,1242.37
2585,2024-01-01,Dining & restaurants,260.74
2586,2024-01-01,Dining & restaurants,237.31
2587,2024-01-01,Dining & restaurants,822.24
2588,2024-01-01,Dining & restaurants,195.1
2589,2024-01-01,Dining & restaurants,325.98
2590,2024-01-01,Dining & restaurants,738.12
2591,2024-01-01,Dining & restaurants,134.28
2592,2024-01-01,Dining & restaurants,175.04
2593,2024-01-01,Dining & restaurants,215.93
2594,2024-01-01,Dining & restaurants,226.66
2595,2024-01-01,Dining & restaurants,955.77
2596,2024-01-01,Dining & restaurants,194.59
2597,2024-01-01,Dining & restaurants,68.35
2598,2024-01-01,Dining & restaurants,332.97
2599,2024-01-01,Dining & restaurants,1561.96
2600,2024-01-01,Dining & restaurants,1063.42
2601,2024-01-01,Dining & restaurants,188.61
2602,2024-01-01,Dining & restaurants,713.94
2603,2024-01-01,Dining & restaurants,207.1
2604,2024-01-01,Dining & restaurants,514.17
2605,2024-01-01,Dining & restaurants,1348.91
2606,2024-01-01,Dining & restaurants,262.19
2607,2024-01-01,Dining & restaurants,382.6
2608,2024-01-01,Dining & restaurants,200.72
2609,2024-01-01,Dining & restaurants,279.12
2610,2024-01-01,Dining & restaurants,648.62
2611,2024-01-01,Dining & restaurants,376.24
2612,2024-01-01,Dining & restaurants,259.45
2613,2024-01-01,Dining & restaurants,527.31
2614,2024-01-01,Dining & restaurants,182.68
2615,2024-01-01,Dining & restaurants,357.64
2616,2024-01-01,Dining & restaurants,361.66
2617,2024-01-01,Dining & restaurants,237.57
2618,2024-01-01,Dining & restaurants,285.88
2619,2024-01-01,Dining & restaurants,209.53
2620,2024-01-01,Dining & restaurants,169.61
2621,2024-01-01,Dining & restaurants,196.14
2622,2024-01-01,Dining & restaurants,373.92
2623,2024-01-01,Dining & restaurants,203.73
2624,2024-01-01,Dining & restaurants,109.67
2625,2024-01-01,Dining & restaurants,384.21
2626,2024-01-01,Dining & restaurants,156.55
2627,2024-01-01,Dining & restaurants,230.49
2628,2024-01-01,Dining & restaurants,192.05
2629,2024-01-01,Dining & restaurants,253.45
2630,2024-01-01,Dining & restaurants,721.85
2631,2024-01-01,Dining & restaurants,105.24
2632,2024-01-01,Dining & restaurants,161.44
2633,2024-01-01,Dining & restaurants,379.7
2634,2024-01-01,Dining & restaurants,448.51
2635,2024-01-01,Dining & restaurants,304.62
2636,2024-01-01,Dining & restaurants,282.16
2637,2024-01-01,Dining & restaurants,100.53
2638,2024-01-01,Dining & restaurants,426.84
2639,2024-01-01,Dining & restaurants,79.89
2640,2024-01-01,Dining & restaurants,135.05
2641,2024-01-01,Dining & restaurants,192.4
2642,2024-01-01,Dining & restaurants,2756.15
2643,2024-01-01,Dining & restaurants,84.28
2644,2024-01-01,Dining & restaurants,201.39
2645,2024-01-01,Dining & restaurants,450.22
2646,2024-01-01,Dining & restaurants,602.4
2647,2024-01-01,Dining & restaurants,94.75
2648,2024-01-01,Dining & restaurants,244.39
2649,2024-01-01,Dining & restaurants,339.27
2650,2024-01-01,Dining & restaurants,259.37
2651,2024-01-01,Dining & restaurants,1031.71
2652,2024-01-01,Dining & restaurants,174.25
2653,2024-01-01,Dining & restaurants,150.23
2654,2024-01-01,Dining & restaurants,418.75
2655,2024-01-01,Dining & restaurants,508.64
2656,2024-01-01,Dining & restaurants,339.38
2657,2024-01-01,Dining & restaurants,158.11
2658,2024-01-01,Dining & restaurants,201.94
2659,2024-01-01,Dining & restaurants,173.11
2660,2024-01-01,Dining & restaurants,34.3
2661,2024-01-01,Dining & restaurants,210.25
2662,2024-01-01,Dining & restaurants,299.44
2663,2024-01-01,Dining & restaurants,115.46
2664,2024-01-01,Dining & restaurants,261.24
2665,2024-01-01,Dining & restaurants,184.28
2666,2024-01-01,Dining & restaurants,494.77
2667,2024-01-01,Dining & restaurants,371.08
2668,2024-01-01,Dining & restaurants,1056.27
2669,2024-01-01,Dining & restaurants,183.06
2670,2024-01-01,Dining & restaurants,372.67
2671,2024-01-01,Dining & restaurants,171.41
2672,2024-01-01,Dining & restaurants,340.78
2673,2024-01-01,Dining & restaurants,188.75
2674,2024-01-01,Dining & restaurants,524.01
2675,2024-01-01,Dining & restaurants,320.24
2676,2024-01-01,Dining & restaurants,752.75
2677,2024-01-01,Dining & restaurants,393.12
2678,2024-01-01,Dining & restaurants,302.33
2679,2024-01-01,Dining & restaurants,188.61
2680,2024-01-01,Dining & restaurants,107.74
2681,2024-01-01,Dining & restaurants,493.89
2682,2024-01-01,Dining & restaurants,251.86
2683,2024-01-01,Dining & restaurants,128.64
2684,2024-01-01,Dining & restaurants,80.66
2685,2024-01-01,Dining & restaurants,331.2
2686,2024-01-01,Dining & restaurants,228.27
2687,2024-01-01,Dining & restaurants,711.14
2688,2024-01-01,Dining & restaurants,317.0
2689,2024-01-01,Dining & restaurants,128.85
2690,2024-01-01,Dining & restaurants,376.79
2691,2024-01-01,Dining & restaurants,151.24
2692,2024-01-01,Dining & restaurants,146.67
2693,2024-01-01,Dining & restaurants,266.15
2694,2024-01-01,Dining & restaurants,694.09
2695,2024-01-01,Dining & restaurants,133.51
2696,2024-01-01,Dining & restaurants,246.22
2697,2024-01-01,Dining & restaurants,320.46
2698,2024-01-01,Dining & restaurants,137.43
2699,2024-01-01,Dining & restaurants,815.84
2700,2024-01-01,Dining & restaurants,959.03
2701,2024-01-01,Dining & restaurants,1235.37
2702,2024-01-01,Dining & restaurants,185.2
2703,2024-01-01,Dining & restaurants,195.47
2704,2024-01-01,Dining & restaurants,304.08
2705,2024-01-01,Dining & restaurants,269.64
2706,2024-01-01,Dining & restaurants,445.41
2707,2024-01-01,Dining & restaurants,341.79
2708,2024-01-01,Dining & restaurants,550.35
2709,2024-01-01,Dining & restaurants,465.96
2710,2024-01-01,Dining & restaurants,289.95
2711,2024-01-01,Dining & restaurants,35.62
2712,2024-01-01,Dining & restaurants,182.71
2713,2024-01-01,Dining & restaurants,434.0
2714,2024-01-01,Dining & restaurants,643.82
2715,2024-01-01,Dining & restaurants,745.28
2716,2024-01-01,Dining & restaurants,384.07
2717,2024-01-01,Dining & restaurants,355.76
2718,2024-01-01,Dining & restaurants,85.02
2719,2024-01-01,Dining & restaurants,661.49
2720,2024-01-01,Dining & restaurants,359.69
2721,2024-01-01,Dining & restaurants,67.99
2722,2024-01-01,Dining & restaurants,101.64
2723,2024-01-01,Dining & restaurants,160.53
2724,2024-01-01,Dining & restaurants,150.59
2725,2024-01-01,Dining & restaurants,218.14
2726,2024-01-01,Dining & restaurants,247.45
2727,2024-01-01,Dining & restaurants,1523.88
2728,2024-01-01,Dining & restaurants,715.09
2729,2024-01-01,Dining & restaurants,98.43
2730,2024-01-01,Dining & restaurants,190.13
2731,2024-01-01,Dining & restaurants,101.34
2732,2024-01-01,Dining & restaurants,155.38
2733,2024-01-01,Dining & restaurants,1225.71
2734,2024-01-01,Dining & restaurants,153.91
2735,2024-01-01,Dining & restaurants,65.73
2736,2024-01-01,Dining & restaurants,96.57
2737,2024-01-01,Dining & restaurants,88.18
2738,2024-01-01,Dining & restaurants,156.88
2739,2024-01-01,Dining & restaurants,152.65
2740,2024-01-01,Dining & restaurants,462.17
2741,2024-01-01,Dining & restaurants,553.65
2742,2024-01-01,Dining & restaurants,1133.5
2743,2024-01-01,Dining & restaurants,513.3
2744,2024-01-01,Dining & restaurants,544.93
2745,2024-01-01,Dining & restaurants,102.1
2746,2024-01-01,Dining & restaurants,471.96
2747,2024-01-01,Dining & restaurants,94.35
2748,2024-01-01,Dining & restaurants,973.4
2749,2024-01-01,Dining & restaurants,218.83
2750,2024-01-01,Dining & restaurants,157.88
2751,2024-01-01,Dining & restaurants,233.82
2752,2024-01-01,Dining & restaurants,360.13
2753,2024-01-01,Dining & restaurants,121.07
2754,2024-01-01,Dining & restaurants,258.93
2755,2024-01-01,Dining & restaurants,61.61
2756,2024-01-01,Dining & restaurants,1341.37
2757,2024-01-01,Dining & restaurants,159.01
2758,2024-01-01,Dining & restaurants,154.17
2759,2024-01-01,Dining & restaurants,211.09
2760,2024-01-01,Dining & restaurants,590.36
2761,2024-01-01,Dining & restaurants,811.75
2762,2024-01-01,Dining & restaurants,446.6
2763,2024-01-01,Dining & restaurants,435.17
2764,2024-01-01,Dining & restaurants,123.18
2765,2024-01-01,Dining & restaurants,831.23
2766,2024-01-01,Dining & restaurants,200.0
2767,2024-01-01,Dining & restaurants,134.92
2768,2024-01-01,Dining & restaurants,208.86
2769,2024-01-01,Dining & restaurants,228.99
2770,2024-01-01,Dining & restaurants,149.45
2771,2024-01-01,Dining & restaurants,701.05
2772,2024-01-01,Dining & restaurants,151.99
2773,2024-01-01,Dining & restaurants,44.86
2774,2024-01-01,Dining & restaurants,98.36
2775,2024-01-01,Dining & restaurants,622.18
2776,2024-01-01,Dining & restaurants,226.24
2777,2024-01-01,Dining & restaurants,559.46
2778,2024-01-01,Dining & restaurants,264.77
2779,2024-01-01,Dining & restaurants,262.52
2780,2024-01-01,Dining & restaurants,141.47
2781,2024-01-01,Dining & restaurants,2054.75
2782,2024-01-01,Dining & restaurants,176.07
2783,2024-01-01,Dining & restaurants,35.82
2784,2024-01-01,Dining & restaurants,100.75
2785,2024-01-01,Dining & restaurants,138.59
2786,2024-01-01,Dining & restaurants,761.16
2787,2024-01-01,Dining & restaurants,258.47
2788,2024-01-01,Dining & restaurants,352.82
2789,2024-01-01,Dining & restaurants,145.68
2790,2024-01-01,Dining & restaurants,33.24
2791,2024-01-01,Dining & restaurants,237.81
2792,2024-01-01,Dining & restaurants,94.48
2793,2024-01-01,Dining & restaurants,245.2
2794,2024-01-01,Dining & restaurants,599.48
2795,2024-01-01,Dining & restaurants,485.66
2796,2024-01-01,Dining & restaurants,297.11
2797,2024-01-01,Dining & restaurants,2049.44
2798,2024-01-01,Dining & restaurants,201.59
2799,2024-01-01,Dining & restaurants,17.39
2800,2024-01-01,Dining & restaurants,238.63
2801,2024-01-01,Dining & restaurants,391.74
2802,2024-01-01,Dining & restaurants,154.17
2803,2024-01-01,Dining & restaurants,129.78
2804,2024-01-01,Dining & restaurants,117.5
2805,2024-01-01,Dining & restaurants,162.9
2806,2024-01-01,Dining & restaurants,90.41
2807,2024-01-01,Dining & restaurants,592.57
2808,2024-01-01,Dining & restaurants,1350.91
2809,2024-01-01,Dining & restaurants,58.53
2810,2024-01-01,Dining & restaurants,305.29
2811,2024-01-01,Dining & restaurants,426.16
2812,2024-01-01,Dining & restaurants,124.03
2813,2024-01-01,Dining & restaurants,325.97
2814,2024-01-01,Dining & restaurants,274.1
2815,2024-01-01,Dining & restaurants,190.58
2816,2024-01-01,Dining & restaurants,74.18
2817,2024-01-01,Dining & restaurants,122.41
2818,2024-01-01,Dining & restaurants,387.51
2819,2024-01-01,Dining & restaurants,371.74
2820,2024-01-01,Dining & restaurants,267.19
2821,2024-01-01,Dining & restaurants,85.2
2822,2024-01-01,Dining & restaurants,710.62
2823,2024-01-01,Dining & restaurants,114.24
2824,2024-01-01,Dining & restaurants,166.95
2825,2024-01-01,Dining & restaurants,1122.9
2826,2024-01-01,Dining & restaurants,58.27
2827,2024-01-01,Dining & restaurants,932.08
2828,2024-01-01,Dining & restaurants,2146.86
2829,2024-01-01,Dining & restaurants,613.28
2830,2024-01-01,Dining & restaurants,1001.35
2831,2024-01-01,Dining & restaurants,151.59
2832,2024-01-01,Dining & restaurants,478.85
2833,2024-01-01,Dining & restaurants,883.14
2834,2024-01-01,Dining & restaurants,812.26
2835,2024-01-01,Dining & restaurants,279.16
2836,2024-01-01,Dining & restaurants,84.73
2837,2024-01-01,Dining & restaurants,117.05
2838,2024-01-01,Dining & restaurants,786.21
2839,2024-01-01,Dining & restaurants,425.74
2840,2024-01-01,Dining & restaurants,351.72
2841,2024-01-01,Dining & restaurants,315.02
2842,2024-01-01,Dining & restaurants,214.22
2843,2024-01-01,Dining & restaurants,224.42
2844,2024-01-01,Dining & restaurants,28.29
2845,2024-01-01,Dining & restaurants,165.3
2846,2024-01-01,Dining & restaurants,335.44
2847,2024-01-01,Dining & restaurants,228.72
2848,2024-01-01,Dining & restaurants,140.35
2849,2024-01-01,Dining & restaurants,282.63
2850,2024-01-01,Dining & restaurants,229.22
2851,2024-01-01,Dining & restaurants,167.74
2852,2024-01-01,Dining & restaurants,572.46
2853,2024-01-01,Dining & restaurants,119.14
2854,2024-01-01,Dining & restaurants,31.74
2855,2024-01-01,Dining & restaurants,479.53
2856,2024-01-01,Dining & restaurants,303.74
2857,2024-01-01,Dining & restaurants,968.72
2858,2024-01-01,Dining & restaurants,265.64
2859,2024-01-01,Dining & restaurants,1178.33
2860,2024-01-01,Dining & restaurants,127.64
2861,2024-01-01,Dining & restaurants,110.87
2862,2024-01-01,Dining & restaurants,380.28
2863,2024-01-01,Dining & restaurants,302.86
2864,2024-01-01,Dining & restaurants,510.04
2865,2024-01-01,Dining & restaurants,434.04
2866,2024-01-01,Dining & restaurants,160.21
2867,2024-01-01,Dining & restaurants,213.46
2868,2024-01-01,Dining & restaurants,77.53
2869,2024-01-01,Dining & restaurants,399.83
2870,2024-01-01,Dining & restaurants,291.18
2871,2024-01-01,Dining & restaurants,208.52
2872,2024-01-01,Dining & restaurants,90.07
2873,2024-01-01,Dining & restaurants,218.03
2874,2024-01-01,Dining & restaurants,159.9
2875,2024-01-01,Dining & restaurants,283.21
2876,2024-01-01,Dining & restaurants,1294.6
2877,2024-01-01,Dining & restaurants,411.93
2878,2024-01-01,Dining & restaurants,359.0
2879,2024-01-01,Dining & restaurants,1149.49
2880,2024-01-01,Dining & restaurants,487.19
2881,2024-01-01,Dining & restaurants,541.88
2882,2024-01-01,Dining & restaurants,229.95
2883,2024-01-01,Dining & restaurants,392.78
2884,2024-01-01,Dining & restaurants,257.17
2885,2024-01-01,Dining & restaurants,487.57
2886,2024-01-01,Dining & restaurants,90.25
2887,2024-01-01,Dining & restaurants,177.57
2888,2024-01-01,Dining & restaurants,456.15
2889,2024-01-01,Dining & restaurants,59.64
2890,2024-01-01,Dining & restaurants,159.47
2891,2024-01-01,Dining & restaurants,142.27
2892,2024-01-01,Dining & restaurants,425.6
2893,2024-01-01,Dining & restaurants,476.51
2894,2024-01-01,Dining & restaurants,44.17
2895,2024-01-01,Dining & restaurants,282.87
2896,2024-01-01,Dining & restaurants,176.53
2897,2024-01-01,Dining & restaurants,171.57
2898,2024-01-01,Dining & restaurants,623.71
2899,2024-01-01,Dining & restaurants,253.08
2900,2024-01-01,Dining & restaurants,684.65
2901,2024-01-01,Dining & restaurants,1166.9
2902,2024-01-01,Dining & restaurants,214.0
2903,2024-01-01,Dining & restaurants,1097.08
2904,2024-01-01,Dining & restaurants,192.9
2905,2024-01-01,Dining & restaurants,30.31
2906,2024-01-01,Dining & restaurants,917.74
2907,2024-01-01,Dining & restaurants,71.04
2908,2024-01-01,Dining & restaurants,599.1
2909,2024-01-01,Dining & restaurants,515.87
2910,2024-01-01,Dining & restaurants,434.67
2911,2024-01-01,Dining & restaurants,169.6
2912,2024-01-01,Dining & restaurants,1074.37
2913,2024-01-01,Dining & restaurants,107.67
2914,2024-01-01,Dining & restaurants,66.23
2915,2024-01-01,Dining & restaurants,337.2
2916,2024-01-01,Dining & restaurants,617.31
2917,2024-01-01,Dining & restaurants,497.67
2918,2024-01-01,Dining & restaurants,221.62
2919,2024-01-01,Dining & restaurants,506.82
2920,2024-01-01,Dining & restaurants,206.8
2921,2024-01-01,Dining & restaurants,388.37
2922,2024-01-01,Dining & restaurants,273.83
2923,2024-01-01,Dining & restaurants,209.71
2924,2024-01-01,Dining & restaurants,218.39
2925,2024-01-01,Dining & restaurants,418.3
2926,2024-01-01,Dining & restaurants,529.94
2927,2024-01-01,Dining & restaurants,85.52
2928,2024-01-01,Dining & restaurants,43.75
2929,2024-01-01,Dining & restaurants,158.52
2930,2024-01-01,Dining & restaurants,351.84
2931,2024-01-01,Dining & restaurants,414.48
2932,2024-01-01,Dining & restaurants,187.73
2933,2024-01-01,Dining & restaurants,547.15
2934,2024-01-01,Dining & restaurants,643.46
2935,2024-01-01,Dining & restaurants,290.49
2936,2024-01-01,Dining & restaurants,111.91
2937,2024-01-01,Dining & restaurants,58.31
2938,2024-01-01,Dining & restaurants,83.33
2939,2024-01-01,Dining & restaurants,133.63
2940,2024-01-01,Dining & restaurants,647.18
2941,2024-01-01,Dining & restaurants,130.2
2942,2024-01-01,Dining & restaurants,384.25
2943,2024-01-01,Dining & restaurants,567.99
2944,2024-01-01,Dining & restaurants,483.61
2945,2024-01-01,Dining & restaurants,159.63
2946,2024-01-01,Dining & restaurants,776.67
2947,2024-01-01,Dining & restaurants,188.03
2948,2024-01-01,Dining & restaurants,183.55
2949,2024-01-01,Dining & restaurants,677.72
2950,2024-01-01,Dining & restaurants,433.19
2951,2024-01-01,Dining & restaurants,109.08
2952,2024-01-01,Dining & restaurants,208.35
2953,2024-01-01,Dining & restaurants,277.19
2954,2024-01-01,Dining & restaurants,200.03
2955,2024-01-01,Dining & restaurants,16.65
2956,2024-01-01,Dining & restaurants,91.8
2957,2024-01-01,Dining & restaurants,225.88
2958,2024-01-01,Dining & restaurants,334.73
2959,2024-01-01,Dining & restaurants,367.82
2960,2024-01-01,Dining & restaurants,156.83
2961,2024-01-01,Dining & restaurants,378.79
2962,2024-01-01,Dining & restaurants,99.43
2963,2024-01-01,Dining & restaurants,348.8
2964,2024-01-01,Dining & restaurants,114.54
2965,2024-01-01,Dining & restaurants,234.68
2966,2024-01-01,Dining & restaurants,96.57
2967,2024-01-01,Dining & restaurants,211.8
2968,2024-01-01,Dining & restaurants,262.8
2969,2024-01-01,Dining & restaurants,74.19
2970,2024-01-01,Dining & restaurants,651.87
2971,2024-01-01,Dining & restaurants,107.42
2972,2024-01-01,Dining & restaurants,1056.58
2973,2024-01-01,Dining & restaurants,572.83
2974,2024-01-01,Dining & restaurants,111.85
2975,2024-01-01,Dining & restaurants,300.4
2976,2024-01-01,Dining & restaurants,186.02
2977,2024-01-01,Dining & restaurants,283.58
2978,2024-01-01,Dining & restaurants,1280.78
2979,2024-01-01,Dining & restaurants,673.82
2980,2024-01-01,Dining & restaurants,112.0
2981,2024-01-01,Dining & restaurants,477.26
2982,2024-01-01,Dining & restaurants,245.54
2983,2024-01-01,Dining & restaurants,231.4
2984,2024-01-01,Dining & restaurants,332.9
2985,2024-01-01,Dining & restaurants,144.45
2986,2024-01-01,Dining & restaurants,186.78
2987,2024-01-01,Dining & restaurants,296.67
2988,2024-01-01,Dining & restaurants,213.49
2989,2024-01-01,Dining & restaurants,146.55
2990,2024-01-01,Dining & restaurants,239.11
2991,2024-01-01,Dining & restaurants,703.0
2992,2024-01-01,Dining & restaurants,273.94
2993,2024-01-01,Dining & restaurants,114.41
2994,2024-01-01,Dining & restaurants,205.75
2995,2024-01-01,Dining & restaurants,1120.02
2996,2024-01-01,Dining & restaurants,101.39
2997,2024-01-01,Dining & restaurants,514.11
2998,2024-01-01,Dining & restaurants,275.74
2999,2024-01-01,Dining & restaurants,315.93
3000,2024-01-01,Dining & restaurants,175.95
3001,2024-01-01,Dining & restaurants,204.59
3002,2024-01-01,Dining & restaurants,38.83
3003,2024-01-01,Dining & restaurants,252.16
3004,2024-01-01,Dining & restaurants,351.09
3005,2024-01-01,Dining & restaurants,133.27
3006,2024-01-01,Dining & restaurants,462.95
3007,2024-01-01,Dining & restaurants,84.98
3008,2024-01-01,Dining & restaurants,942.61
3009,2024-01-01,Dining & restaurants,374.92
3010,2024-01-01,Dining & restaurants,390.89
3011,2024-01-01,Dining & restaurants,236.64
3012,2024-01-01,Dining & restaurants,403.36
3013,2024-01-01,Dining & restaurants,500.3
3014,2024-01-01,Dining & restaurants,231.65
3015,2024-01-01,Dining & restaurants,79.84
3016,2024-01-01,Dining & restaurants,473.46
3017,2024-01-01,Dining & restaurants,219.77
3018,2024-01-01,Dining & restaurants,213.7
3019,2024-01-01,Dining & restaurants,537.39
3020,2024-01-01,Dining & restaurants,131.51
3021,2024-01-01,Dining & restaurants,341.64
3022,2024-01-01,Dining & restaurants,344.37
3023,2024-01-01,Dining & restaurants,277.69
3024,2024-01-01,Dining & restaurants,199.09
3025,2024-01-01,Dining & restaurants,179.65
3026,2024-01-01,Dining & restaurants,532.65
3027,2024-01-01,Dining & restaurants,77.84
3028,2024-01-01,Dining & restaurants,97.61
3029,2024-01-01,Dining & restaurants,273.98
3030,2024-01-01,Dining & restaurants,200.72
3031,2024-01-01,Dining & restaurants,146.61
3032,2024-01-01,Dining & restaurants,484.75
3033,2024-01-01,Dining & restaurants,381.84
3034,2024-01-01,Dining & restaurants,146.89
3035,2024-01-01,Dining & restaurants,133.31
3036,2024-01-01,Dining & restaurants,415.29
3037,2024-01-01,Dining & restaurants,488.32
3038,2024-01-01,Dining & restaurants,266.35
3039,2024-01-01,Dining & restaurants,462.5
3040,2024-01-01,Dining & restaurants,147.93
3041,2024-01-01,Dining & restaurants,392.06
3042,2024-01-01,Dining & restaurants,32.73
3043,2024-01-01,Dining & restaurants,304.0
3044,2024-01-01,Dining & restaurants,211.68
3045,2024-01-01,Dining & restaurants,82.28
3046,2024-01-01,Dining & restaurants,125.62
3047,2024-01-01,Dining & restaurants,215.74
3048,2024-01-01,Dining & restaurants,247.7
3049,2024-01-01,Dining & restaurants,350.98
3050,2024-01-01,Dining & restaurants,1539.03
3051,2024-01-01,Dining & restaurants,739.83
3052,2024-01-01,Dining & restaurants,369.42
3053,2024-01-01,Dining & restaurants,369.94
3054,2024-01-01,Dining & restaurants,221.13
3055,2024-01-01,Dining & restaurants,128.09
3056,2024-01-01,Dining & restaurants,104.29
3057,2024-01-01,Dining & restaurants,136.62
3058,2024-01-01,Dining & restaurants,173.86
3059,2024-01-01,Dining & restaurants,321.01
3060,2024-01-01,Dining & restaurants,43.12
3061,2024-01-01,Dining & restaurants,697.63
3062,2024-01-01,Dining & restaurants,1172.26
3063,2024-01-01,Dining & restaurants,288.44
3064,2024-01-01,Dining & restaurants,84.91
3065,2024-01-01,Dining & restaurants,30.36
3066,2024-01-01,Dining & restaurants,79.14
3067,2024-01-01,Dining & restaurants,177.06
3068,2024-01-01,Dining & restaurants,137.06
3069,2024-01-01,Dining & restaurants,192.53
3070,2024-01-01,Dining & restaurants,125.71
3071,2024-01-01,Dining & restaurants,296.67
3072,2024-01-01,Dining & restaurants,304.0
3073,2024-01-01,Dining & restaurants,387.56
3074,2024-01-01,Dining & restaurants,164.16
3075,2024-01-01,Dining & restaurants,124.64
3076,2024-01-01,Dining & restaurants,46.02
3077,2024-01-01,Dining & restaurants,109.62
3078,2024-01-01,Dining & restaurants,1034.66
3079,2024-01-01,Dining & restaurants,2070.17
3080,2024-01-01,Dining & restaurants,127.72
3081,2024-01-01,Dining & restaurants,189.98
3082,2024-01-01,Dining & restaurants,145.15
3083,2024-01-01,Dining & restaurants,263.2
3084,2024-01-01,Dining & restaurants,159.45
3085,2024-01-01,Dining & restaurants,319.52
3086,2024-01-01,Dining & restaurants,105.83
3087,2024-01-01,Dining & restaurants,499.75
3088,2024-01-01,Dining & restaurants,405.11
3089,2024-01-01,Dining & restaurants,403.62
3090,2024-01-01,Dining & restaurants,806.39
3091,2024-01-01,Dining & restaurants,561.34
3092,2024-01-01,Dining & restaurants,48.18
3093,2024-01-01,Dining & restaurants,196.94
3094,2024-01-01,Dining & restaurants,602.44
3095,2024-01-01,Dining & restaurants,197.45
3096,2024-01-01,Dining & restaurants,315.31
3097,2024-01-01,Dining & restaurants,139.16
3098,2024-01-01,Dining & restaurants,611.3
3099,2024-01-01,Dining & restaurants,308.03
3100,2024-01-01,Dining & restaurants,413.37
3101,2024-01-01,Dining & restaurants,1219.93
3102,2024-01-01,Dining & restaurants,44.23
3103,2024-01-01,Dining & restaurants,130.76
3104,2024-01-01,Dining & restaurants,272.03
3105,2024-01-01,Dining & restaurants,179.91
3106,2024-01-01,Dining & restaurants,858.63
3107,2024-01-01,Dining & restaurants,258.7
3108,2024-01-01,Dining & restaurants,1316.09
3109,2024-01-01,Dining & restaurants,135.44
3110,2024-01-01,Dining & restaurants,366.72
3111,2024-01-01,Dining & restaurants,281.42
3112,2024-01-01,Dining & restaurants,317.79
3113,2024-01-01,Dining & restaurants,190.35
3114,2024-01-01,Dining & restaurants,545.07
3115,2024-01-01,Dining & restaurants,229.58
3116,2024-01-01,Dining & restaurants,107.23
3117,2024-01-01,Dining & restaurants,176.26
3118,2024-01-01,Dining & restaurants,628.33
3119,2024-01-01,Dining & restaurants,232.52
3120,2024-01-01,Dining & restaurants,27.49
3121,2024-01-01,Dining & restaurants,161.11
3122,2024-01-01,Dining & restaurants,162.04
3123,2024-01-01,Dining & restaurants,358.13
3124,2024-01-01,Dining & restaurants,173.05
3125,2024-01-01,Dining & restaurants,143.07
3126,2024-01-01,Dining & restaurants,187.44
3127,2024-01-01,Dining & restaurants,421.13
3128,2024-01-01,Dining & restaurants,540.41
3129,2024-01-01,Dining & restaurants,174.55
3130,2024-01-01,Dining & restaurants,177.47
3131,2024-01-01,Dining & restaurants,502.83
3132,2024-01-01,Dining & restaurants,223.65
3133,2024-01-01,Dining & restaurants,64.06
3134,2024-01-01,Dining & restaurants,438.09
3135,2024-01-01,Dining & restaurants,423.43
3136,2024-01-01,Dining & restaurants,235.12
3137,2024-01-01,Dining & restaurants,241.71
3138,2024-01-01,Dining & restaurants,165.11
3139,2024-01-01,Dining & restaurants,74.97
3140,2024-01-01,Dining & restaurants,433.5
3141,2024-01-01,Dining & restaurants,199.84
3142,2024-01-01,Dining & restaurants,148.66
3143,2024-01-01,Dining & restaurants,332.83
3144,2024-01-01,Dining & restaurants,70.29
3145,2024-01-01,Dining & restaurants,604.85
3146,2024-01-01,Dining & restaurants,337.54
3147,2024-01-01,Dining & restaurants,176.4
3148,2024-01-01,Dining & restaurants,243.66
3149,2024-01-01,Dining & restaurants,564.01
3150,2024-01-01,Dining & restaurants,159.97
3151,2024-01-01,Dining & restaurants,91.6
3152,2024-01-01,Dining & restaurants,258.02
3153,2024-01-01,Dining & restaurants,118.55
3154,2024-01-01,Dining & restaurants,111.21
3155,2024-01-01,Dining & restaurants,314.27
3156,2024-01-01,Dining & restaurants,153.33
3157,2024-01-01,Dining & restaurants,128.34
3158,2024-01-01,Dining & restaurants,1556.14
3159,2024-01-01,Dining & restaurants,189.13
3160,2024-01-01,Dining & restaurants,487.08
3161,2024-01-01,Dining & restaurants,423.24
3162,2024-01-01,Dining & restaurants,941.12
3163,2024-01-01,Dining & restaurants,341.33
3164,2024-01-01,Dining & restaurants,274.39
3165,2024-01-01,Dining & restaurants,858.29
3166,2024-01-01,Dining & restaurants,327.16
3167,2024-01-01,Dining & restaurants,59.16
3168,2024-01-01,Dining & restaurants,248.56
3169,2024-01-01,Dining & restaurants,199.65
3170,2024-01-01,Dining & restaurants,251.58
3171,2024-01-01,Dining & restaurants,275.57
3172,2024-01-01,Dining & restaurants,295.07
3173,2024-01-01,Dining & restaurants,366.65
3174,2024-01-01,Dining & restaurants,3748.06
3175,2024-01-01,Dining & restaurants,180.49
3176,2024-01-01,Dining & restaurants,105.03
3177,2024-01-01,Dining & restaurants,234.54
3178,2024-01-01,Dining & restaurants,143.01
3179,2024-01-01,Dining & restaurants,113.98
3180,2024-01-01,Dining & restaurants,120.44
3181,2024-01-01,Dining & restaurants,214.24
3182,2024-01-01,Dining & restaurants,274.58
3183,2024-01-01,Dining & restaurants,454.4
3184,2024-01-01,Dining & restaurants,440.05
3185,2024-01-01,Dining & restaurants,74.92
3186,2024-01-01,Dining & restaurants,152.55
3187,2024-01-01,Dining & restaurants,191.09
3188,2024-01-01,Dining & restaurants,301.34
3189,2024-01-01,Dining & restaurants,134.65
3190,2024-01-01,Dining & restaurants,263.18
3191,2024-01-01,Dining & restaurants,199.05
3192,2024-01-01,Dining & restaurants,288.97
3193,2024-01-01,Dining & restaurants,76.6
3194,2024-01-01,Dining & restaurants,267.5
3195,2024-01-01,Dining & restaurants,802.8
3196,2024-01-01,Dining & restaurants,188.19
3197,2024-01-01,Dining & restaurants,93.37
3198,2024-01-01,Dining & restaurants,175.22
3199,2024-01-01,Dining & restaurants,210.75
3200,2024-01-01,Dining & restaurants,263.34
3201,2024-01-01,Dining & restaurants,120.5
3202,2024-01-01,Dining & restaurants,194.76
3203,2024-01-01,Dining & restaurants,357.49
3204,2024-01-01,Dining & restaurants,142.11
3205,2024-01-01,Dining & restaurants,148.53
3206,2024-01-01,Dining & restaurants,246.55
3207,2024-01-01,Dining & restaurants,202.6
3208,2024-01-01,Dining & restaurants,266.4
3209,2024-01-01,Dining & restaurants,673.8
3210,2024-01-01,Dining & restaurants,81.89
3211,2024-01-01,Dining & restaurants,366.04
3212,2024-01-01,Dining & restaurants,111.24
3213,2024-01-01,Dining & restaurants,246.32
3214,2024-01-01,Dining & restaurants,335.71
3215,2024-01-01,Dining & restaurants,501.82
3216,2024-01-01,Dining & restaurants,500.17
3217,2024-01-01,Dining & restaurants,98.98
3218,2024-01-01,Dining & restaurants,372.67
3219,2024-01-01,Dining & restaurants,105.59
3220,2024-01-01,Dining & restaurants,237.17
3221,2024-01-01,Dining & restaurants,176.12
3222,2024-01-01,Dining & restaurants,1297.24
3223,2024-01-01,Dining & restaurants,923.97
3224,2024-01-01,Dining & restaurants,913.94
3225,2024-01-01,Dining & restaurants,239.23
3226,2024-01-01,Dining & restaurants,87.21
3227,2024-01-01,Dining & restaurants,352.98
3228,2024-01-01,Dining & restaurants,425.13
3229,2024-01-01,Dining & restaurants,496.06
3230,2024-01-01,Dining & restaurants,158.98
3231,2024-01-01,Dining & restaurants,68.24
3232,2024-01-01,Dining & restaurants,735.62
3233,2024-01-01,Dining & restaurants,336.08
3234,2024-01-01,Dining & restaurants,198.99
3235,2024-01-01,Dining & restaurants,182.37
3236,2024-01-01,Dining & restaurants,422.78
3237,2024-01-01,Dining & restaurants,210.38
3238,2024-01-01,Dining & restaurants,107.25
3239,2024-01-01,Dining & restaurants,196.35
3240,2024-01-01,Dining & restaurants,141.86
3241,2024-01-01,Dining & restaurants,499.41
3242,2024-01-01,Dining & restaurants,65.67
3243,2024-01-01,Dining & restaurants,123.59
3244,2024-01-01,Dining & restaurants,231.61
3245,2024-01-01,Dining & restaurants,262.65
3246,2024-01-01,Dining & restaurants,598.91
3247,2024-01-01,Dining & restaurants,147.65
3248,2024-01-01,Dining & restaurants,557.83
3249,2024-01-01,Dining & restaurants,210.78
3250,2024-01-01,Dining & restaurants,153.94
3251,2024-01-01,Dining & restaurants,186.17
3252,2024-01-01,Dining & restaurants,551.31
3253,2024-01-01,Dining & restaurants,333.31
3254,2024-01-01,Dining & restaurants,365.34
3255,2024-01-01,Dining & restaurants,244.42
3256,2024-01-01,Dining & restaurants,1054.84
3257,2024-01-01,Dining & restaurants,103.41
3258,2024-01-01,Dining & restaurants,892.31
3259,2024-01-01,Dining & restaurants,437.2
3260,2024-01-01,Dining & restaurants,106.8
3261,2024-01-01,Dining & restaurants,815.55
3262,2024-01-01,Dining & restaurants,402.07
3263,2024-01-01,Dining & restaurants,77.7
3264,2024-01-01,Dining & restaurants,490.9
3265,2024-01-01,Dining & restaurants,86.0
3266,2024-01-01,Dining & restaurants,320.62
3267,2024-01-01,Dining & restaurants,435.02
3268,2024-01-01,Dining & restaurants,642.05
3269,2024-01-01,Dining & restaurants,330.69
3270,2024-01-01,Dining & restaurants,42.55
3271,2024-01-01,Dining & restaurants,237.0
3272,2024-01-01,Dining & restaurants,1085.79
3273,2024-01-01,Dining & restaurants,78.17
3274,2024-01-01,Dining & restaurants,284.41
3275,2024-01-01,Dining & restaurants,319.23
3276,2024-01-01,Dining & restaurants,277.35
3277,2024-01-01,Dining & restaurants,71.39
3278,2024-01-01,Dining & restaurants,384.61
3279,2024-01-01,Dining & restaurants,416.57
3280,2024-01-01,Dining & restaurants,70.43
3281,2024-01-01,Dining & restaurants,145.94
3282,2024-01-01,Dining & restaurants,305.19
3283,2024-01-01,Dining & restaurants,104.33
3284,2024-01-01,Dining & restaurants,175.33
3285,2024-01-01,Dining & restaurants,280.95
3286,2024-01-01,Dining & restaurants,477.47
3287,2024-01-01,Dining & restaurants,574.16
3288,2024-01-01,Dining & restaurants,160.92
3289,2024-01-01,Dining & restaurants,363.34
3290,2024-01-01,Dining & restaurants,350.37
3291,2024-01-01,Dining & restaurants,976.49
3292,2024-01-01,Dining & restaurants,135.13
3293,2024-01-01,Dining & restaurants,117.87
3294,2024-01-01,Dining & restaurants,292.33
3295,2024-01-01,Dining & restaurants,74.68
3296,2024-01-01,Dining & restaurants,337.89
3297,2024-01-01,Dining & restaurants,58.56
3298,2024-01-01,Dining & restaurants,503.36
3299,2024-01-01,Dining & restaurants,183.76
3300,2024-01-01,Dining & restaurants,271.7
3301,2024-01-01,Dining & restaurants,297.5
3302,2024-01-01,Dining & restaurants,133.09
3303,2024-01-01,Dining & restaurants,286.16
3304,2024-01-01,Dining & restaurants,270.28
3305,2024-01-01,Dining & restaurants,268.07
3306,2024-01-01,Dining & restaurants,565.49
3307,2024-01-01,Dining & restaurants,189.02
3308,2024-01-01,Dining & restaurants,322.47
3309,2024-01-01,Dining & restaurants,460.27
3310,2024-01-01,Dining & restaurants,171.18
3311,2024-01-01,Dining & restaurants,87.57
3312,2024-01-01,Dining & restaurants,433.44
3313,2024-01-01,Dining & restaurants,125.66
3314,2024-01-01,Dining & restaurants,560.4
3315,2024-01-01,Dining & restaurants,421.62
3316,2024-01-01,Dining & restaurants,168.63
3317,2024-01-01,Dining & restaurants,150.4
3318,2024-01-01,Dining & restaurants,379.17
3319,2024-01-01,Dining & restaurants,312.5
3320,2024-01-01,Dining & restaurants,122.77
3321,2024-01-01,Dining & restaurants,286.92
3322,2024-01-01,Dining & restaurants,1307.94
3323,2024-01-01,Dining & restaurants,397.98
3324,2024-01-01,Dining & restaurants,168.99
3325,2024-01-01,Dining & restaurants,60.13
3326,2024-01-01,Dining & restaurants,290.24
3327,2024-01-01,Dining & restaurants,93.65
3328,2024-01-01,Dining & restaurants,88.67
3329,2024-01-01,Dining & restaurants,503.35
3330,2024-01-01,Dining & restaurants,130.94
3331,2024-01-01,Dining & restaurants,198.0
3332,2024-01-01,Dining & restaurants,526.72
3333,2024-01-01,Dining & restaurants,154.27
3334,2024-01-01,Dining & restaurants,1230.63
3335,2024-01-01,Dining & restaurants,141.4
3336,2024-01-01,Dining & restaurants,90.42
3337,2024-01-01,Dining & restaurants,233.38
3338,2024-01-01,Dining & restaurants,164.51
3339,2024-01-01,Dining & restaurants,156.65
3340,2024-01-01,Dining & restaurants,163.65
3341,2024-01-01,Dining & restaurants,87.1
3342,2024-01-01,Dining & restaurants,103.75
3343,2024-01-01,Dining & restaurants,138.23
3344,2024-01-01,Dining & restaurants,796.94
3345,2024-01-01,Dining & restaurants,198.9
3346,2024-01-01,Dining & restaurants,301.72
3347,2024-01-01,Dining & restaurants,681.14
3348,2024-01-01,Dining & restaurants,332.39
3349,2024-01-01,Dining & restaurants,399.62
3350,2024-01-01,Dining & restaurants,446.6
3351,2024-01-01,Dining & restaurants,174.87
3352,2024-01-01,Dining & restaurants,134.66
3353,2024-01-01,Dining & restaurants,85.43
3354,2024-01-01,Dining & restaurants,628.23
3355,2024-01-01,Dining & restaurants,482.65
3356,2024-01-01,Dining & restaurants,1936.36
3357,2024-01-01,Dining & restaurants,100.24
3358,2024-01-01,Dining & restaurants,376.85
3359,2024-01-01,Dining & restaurants,146.93
3360,2024-01-01,Dining & restaurants,232.59
3361,2024-01-01,Dining & restaurants,172.91
3362,2024-01-01,Dining & restaurants,341.49
3363,2024-01-01,Dining & restaurants,784.55
3364,2024-01-01,Dining & restaurants,483.16
3365,2024-01-01,Dining & restaurants,109.42
3366,2024-01-01,Dining & restaurants,73.03
3367,2024-01-01,Dining & restaurants,192.49
3368,2024-01-01,Dining & restaurants,173.37
3369,2024-01-01,Dining & restaurants,429.63
3370,2024-01-01,Dining & restaurants,186.9
3371,2024-01-01,Dining & restaurants,688.52
3372,2024-01-01,Dining & restaurants,91.41
3373,2024-01-01,Dining & restaurants,968.59
3374,2024-01-01,Dining & restaurants,360.18
3375,2024-01-01,Dining & restaurants,252.3
3376,2024-01-01,Dining & restaurants,140.79
3377,2024-01-01,Dining & restaurants,67.28
3378,2024-01-01,Dining & restaurants,205.96
3379,2024-01-01,Dining & restaurants,817.91
3380,2024-01-01,Dining & restaurants,211.15
3381,2024-01-01,Dining & restaurants,484.39
3382,2024-01-01,Dining & restaurants,215.6
3383,2024-01-01,Dining & restaurants,1515.03
3384,2024-01-01,Dining & restaurants,433.4
3385,2024-01-01,Dining & restaurants,295.64
3386,2024-01-01,Dining & restaurants,149.79
3387,2024-01-01,Dining & restaurants,181.41
3388,2024-01-01,Dining & restaurants,215.59
3389,2024-01-01,Dining & restaurants,1343.83
3390,2024-01-01,Dining & restaurants,332.31
3391,2024-01-01,Dining & restaurants,494.53
3392,2024-01-01,Dining & restaurants,203.3
3393,2024-01-01,Dining & restaurants,494.31
3394,2024-01-01,Dining & restaurants,299.11
3395,2024-01-01,Dining & restaurants,46.92
3396,2024-01-01,Dining & restaurants,115.76
3397,2024-01-01,Dining & restaurants,116.58
3398,2024-01-01,Dining & restaurants,185.77
3399,2024-01-01,Dining & restaurants,333.58
3400,2024-01-01,Dining & restaurants,255.57
3401,2024-01-01,Dining & restaurants,794.24
3402,2024-01-01,Dining & restaurants,246.92
3403,2024-01-01,Dining & restaurants,224.03
3404,2024-01-01,Dining & restaurants,126.58
3405,2024-01-01,Dining & restaurants,243.46
3406,2024-01-01,Dining & restaurants,139.27
3407,2024-01-01,Dining & restaurants,326.25
3408,2024-01-01,Dining & restaurants,39.17
3409,2024-01-01,Dining & restaurants,201.57
3410,2024-01-01,Dining & restaurants,1232.86
3411,2024-01-01,Dining & restaurants,173.08
3412,2024-01-01,Dining & restaurants,300.4
3413,2024-01-01,Dining & restaurants,675.48
3414,2024-01-01,Dining & restaurants,852.97
3415,2024-01-01,Dining & restaurants,270.54
3416,2024-01-01,Dining & restaurants,209.88
3417,2024-01-01,Dining & restaurants,131.02
3418,2024-01-01,Dining & restaurants,82.42
3419,2024-01-01,Dining & restaurants,248.19
3420,2024-01-01,Dining & restaurants,1138.89
3421,2024-01-01,Dining & restaurants,51.74
3422,2024-01-01,Dining & restaurants,183.18
3423,2024-01-01,Dining & restaurants,271.34
3424,2024-01-01,Dining & restaurants,1259.04
3425,2024-01-01,Dining & restaurants,175.52
3426,2024-01-01,Dining & restaurants,624.81
3427,2024-01-01,Dining & restaurants,169.5
3428,2024-01-01,Dining & restaurants,199.1
3429,2024-01-01,Dining & restaurants,195.73
3430,2024-01-01,Dining & restaurants,186.0
3431,2024-01-01,Dining & restaurants,406.52
3432,2024-01-01,Dining & restaurants,72.09
3433,2024-01-01,Dining & restaurants,136.73
3434,2024-01-01,Dining & restaurants,411.06
3435,2024-01-01,Dining & restaurants,205.05
3436,2024-01-01,Dining & restaurants,441.71
3437,2024-01-01,Dining & restaurants,374.92
3438,2024-01-01,Dining & restaurants,172.93
3439,2024-01-01,Dining & restaurants,253.58
3440,2024-01-01,Dining & restaurants,35.93
3441,2024-01-01,Dining & restaurants,226.06
3442,2024-01-01,Dining & restaurants,172.51
3443,2024-01-01,Dining & restaurants,414.32
3444,2024-01-01,Dining & restaurants,115.18
3445,2024-01-01,Dining & restaurants,104.05
3446,2024-01-01,Dining & restaurants,160.7
3447,2024-01-01,Dining & restaurants,265.96
3448,2024-01-01,Dining & restaurants,271.12
3449,2024-01-01,Dining & restaurants,103.74
3450,2024-01-01,Dining & restaurants,784.18
3451,2024-01-01,Dining & restaurants,195.01
3452,2024-01-01,Dining & restaurants,98.79
3453,2024-01-01,Dining & restaurants,59.34
3454,2024-01-01,Dining & restaurants,122.42
3455,2024-01-01,Dining & restaurants,56.91
3456,2024-01-01,Dining & restaurants,140.08
3457,2024-01-01,Dining & restaurants,256.55
3458,2024-01-01,Dining & restaurants,309.91
3459,2024-01-01,Dining & restaurants,159.98
3460,2024-01-01,Dining & restaurants,317.41
3461,2024-01-01,Dining & restaurants,201.24
3462,2024-01-01,Dining & restaurants,1298.93
3463,2024-01-01,Dining & restaurants,129.08
3464,2024-01-01,Dining & restaurants,277.66
3465,2024-01-01,Dining & restaurants,123.34
3466,2024-01-01,Dining & restaurants,326.92
3467,2024-01-01,Dining & restaurants,155.55
3468,2024-01-01,Dining & restaurants,230.87
3469,2024-01-01,Dining & restaurants,137.33
3470,2024-01-01,Dining & restaurants,682.9
3471,2024-01-01,Dining & restaurants,420.63
3472,2024-01-01,Dining & restaurants,177.67
3473,2024-01-01,Dining & restaurants,172.81
3474,2024-01-01,Dining & restaurants,209.21
3475,2024-01-01,Dining & restaurants,529.16
3476,2024-01-01,Dining & restaurants,345.39
3477,2024-01-01,Dining & restaurants,162.43
3478,2024-01-01,Dining & restaurants,187.02
3479,2024-01-01,Dining & restaurants,258.01
3480,2024-01-01,Dining & restaurants,198.3
3481,2024-01-01,Dining & restaurants,157.72
3482,2024-01-01,Dining & restaurants,406.45
3483,2024-01-01,Dining & restaurants,191.34
3484,2024-01-01,Dining & restaurants,366.82
3485,2024-01-01,Dining & restaurants,260.2
3486,2024-01-01,Dining & restaurants,553.2
3487,2024-01-01,Dining & restaurants,312.72
3488,2024-01-01,Dining & restaurants,719.46
3489,2024-01-01,Dining & restaurants,1974.14
3490,2024-01-01,Dining & restaurants,700.4
3491,2024-01-01,Dining & restaurants,1076.55
3492,2024-01-01,Dining & restaurants,134.75
3493,2024-01-01,Dining & restaurants,345.29
3494,2024-01-01,Dining & restaurants,85.29
3495,2024-01-01,Dining & restaurants,299.19
3496,2024-01-01,Dining & restaurants,309.34
3497,2024-01-01,Dining & restaurants,193.42
3498,2024-01-01,Dining & restaurants,67.63
3499,2024-01-01,Dining & restaurants,305.21
3500,2024-01-01,Dining & restaurants,53.96
3501,2024-01-01,Dining & restaurants,403.44
3502,2024-01-01,Dining & restaurants,152.84
3503,2024-01-01,Dining & restaurants,73.78
3504,2024-01-01,Dining & restaurants,1315.66
3505,2024-01-01,Dining & restaurants,27.45
3506,2024-01-01,Dining & restaurants,386.26
3507,2024-01-01,Dining & restaurants,323.49
3508,2024-01-01,Dining & restaurants,151.2
3509,2024-01-01,Dining & restaurants,137.97
3510,2024-01-01,Dining & restaurants,1107.02
3511,2024-01-01,Dining & restaurants,589.39
3512,2024-01-01,Dining & restaurants,1169.26
3513,2024-01-01,Dining & restaurants,187.99
3514,2024-01-01,Dining & restaurants,303.44
3515,2024-01-01,Dining & restaurants,184.72
3516,2024-01-01,Dining & restaurants,148.83
3517,2024-01-01,Dining & restaurants,421.42
3518,2024-01-01,Dining & restaurants,538.32
3519,2024-01-01,Dining & restaurants,656.08
3520,2024-01-01,Dining & restaurants,202.59
3521,2024-01-01,Dining & restaurants,222.7
3522,2024-01-01,Dining & restaurants,422.75
3523,2024-01-01,Dining & restaurants,267.27
3524,2024-01-01,Dining & restaurants,484.53
3525,2024-01-01,Dining & restaurants,440.9
3526,2024-01-01,Dining & restaurants,687.38
3527,2024-01-01,Dining & restaurants,48.82
3528,2024-01-01,Dining & restaurants,121.65
3529,2024-01-01,Dining & restaurants,48.24
3530,2024-01-01,Dining & restaurants,1015.45
3531,2024-01-01,Dining & restaurants,267.27
3532,2024-01-01,Dining & restaurants,118.45
3533,2024-01-01,Dining & restaurants,756.38
3534,2024-01-01,Dining & restaurants,346.18
3535,2024-01-01,Dining & restaurants,206.03
3536,2024-01-01,Dining & restaurants,801.0
3537,2024-01-01,Dining & restaurants,640.62
3538,2024-01-01,Dining & restaurants,304.39
3539,2024-01-01,Dining & restaurants,190.71
3540,2024-01-01,Dining & restaurants,553.68
3541,2024-01-01,Dining & restaurants,413.12
3542,2024-01-01,Dining & restaurants,378.36
3543,2024-01-01,Dining & restaurants,415.23
3544,2024-01-01,Dining & restaurants,107.56
3545,2024-01-01,Dining & restaurants,396.24
3546,2024-01-01,Dining & restaurants,563.83
3547,2024-01-01,Dining & restaurants,282.32
3548,2024-01-01,Dining & restaurants,496.55
3549,2024-01-01,Dining & restaurants,382.79
3550,2024-01-01,Dining & restaurants,162.4
3551,2024-01-01,Dining & restaurants,185.79
3552,2024-01-01,Dining & restaurants,1041.06
3553,2024-01-01,Dining & restaurants,187.7
3554,2024-01-01,Dining & restaurants,293.72
3555,2024-01-01,Dining & restaurants,762.98
3556,2024-01-01,Dining & restaurants,56.28
3557,2024-01-01,Dining & restaurants,440.29
3558,2024-01-01,Dining & restaurants,51.87
3559,2024-01-01,Dining & restaurants,521.98
3560,2024-01-01,Dining & restaurants,210.52
3561,2024-01-01,Dining & restaurants,385.84
3562,2024-01-01,Dining & restaurants,709.17
3563,2024-01-01,Dining & restaurants,472.08
3564,2024-01-01,Dining & restaurants,90.52
3565,2024-01-01,Dining & restaurants,79.18
3566,2024-01-01,Dining & restaurants,256.22
3567,2024-01-01,Dining & restaurants,52.52
3568,2024-01-01,Dining & restaurants,572.25
3569,2024-01-01,Dining & restaurants,195.88
3570,2024-01-01,Dining & restaurants,169.61
3571,2024-01-01,Dining & restaurants,368.63
3572,2024-01-01,Dining & restaurants,123.91
3573,2024-01-01,Dining & restaurants,339.84
3574,2024-01-01,Dining & restaurants,139.35
3575,2024-01-01,Dining & restaurants,302.84
3576,2024-01-01,Dining & restaurants,69.21
3577,2024-01-01,Dining & restaurants,283.25
3578,2024-01-01,Dining & restaurants,68.23
3579,2024-01-01,Dining & restaurants,100.66
3580,2024-01-01,Dining & restaurants,393.46
3581,2024-01-01,Dining & restaurants,150.56
3582,2024-01-01,Dining & restaurants,346.76
3583,2024-01-01,Dining & restaurants,108.3
3584,2024-01-01,Dining & restaurants,202.64
3585,2024-01-01,Dining & restaurants,329.97
3586,2024-01-01,Dining & restaurants,555.4
3587,2024-01-01,Dining & restaurants,453.51
3588,2024-01-01,Dining & restaurants,143.79
3589,2024-01-01,Dining & restaurants,554.8
3590,2024-01-01,Dining & restaurants,571.8
3591,2024-01-01,Dining & restaurants,127.13
3592,2024-01-01,Dining & restaurants,558.03
3593,2024-01-01,Dining & restaurants,337.49
3594,2024-01-01,Dining & restaurants,87.33
3595,2024-01-01,Dining & restaurants,183.2
3596,2024-01-01,Dining & restaurants,274.61
3597,2024-01-01,Dining & restaurants,158.97
3598,2024-01-01,Dining & restaurants,120.11
3599,2024-01-01,Dining & restaurants,164.76
3600,2024-01-01,Dining & restaurants,264.09
3601,2024-01-01,Dining & restaurants,512.4
3602,2024-01-01,Dining & restaurants,666.76
3603,2024-01-01,Dining & restaurants,406.39
3604,2024-01-01,Dining & restaurants,542.33
3605,2024-01-01,Dining & restaurants,690.38
3606,2024-01-01,Dining & restaurants,547.21
3607,2024-01-01,Dining & restaurants,255.25
3608,2024-01-01,Dining & restaurants,304.26
3609,2024-01-01,Dining & restaurants,38.41
3610,2024-01-01,Dining & restaurants,89.48
3611,2024-01-01,Dining & restaurants,322.46
3612,2024-01-01,Dining & restaurants,502.94
3613,2024-01-01,Dining & restaurants,308.09
3614,2024-01-01,Dining & restaurants,90.32
3615,2024-01-01,Dining & restaurants,332.54
3616,2024-01-01,Dining & restaurants,170.72
3617,2024-01-01,Dining & restaurants,426.52
3618,2024-01-01,Dining & restaurants,114.04
3619,2024-01-01,Dining & restaurants,99.44
3620,2024-01-01,Dining & restaurants,1124.69
3621,2024-01-01,Dining & restaurants,291.04
3622,2024-01-01,Dining & restaurants,236.84
3623,2024-01-01,Dining & restaurants,476.64
3624,2024-01-01,Dining & restaurants,194.48
3625,2024-01-01,Dining & restaurants,251.99
3626,2024-01-01,Dining & restaurants,427.47
3627,2024-01-01,Dining & restaurants,401.79
3628,2024-01-01,Dining & restaurants,496.54
3629,2024-01-01,Dining & restaurants,1183.81
3630,2024-01-01,Dining & restaurants,319.0
3631,2024-01-01,Dining & restaurants,350.41
3632,2024-01-01,Dining & restaurants,1603.81
3633,2024-01-01,Dining & restaurants,104.33
3634,2024-01-01,Dining & restaurants,117.11
3635,2024-01-01,Dining & restaurants,431.83
3636,2024-01-01,Dining & restaurants,139.05
3637,2024-01-01,Dining & restaurants,316.63
3638,2024-01-01,Dining & restaurants,435.66
3639,2024-01-01,Dining & restaurants,311.49
3640,2024-01-01,Dining & restaurants,140.52
3641,2024-01-01,Dining & restaurants,213.37
3642,2024-01-01,Dining & restaurants,52.91
3643,2024-01-01,Dining & restaurants,838.37
3644,2024-01-01,Dining & restaurants,141.57
3645,2024-01-01,Dining & restaurants,124.46
3646,2024-01-01,Dining & restaurants,1462.62
3647,2024-01-01,Dining & restaurants,132.75
3648,2024-01-01,Dining & restaurants,572.91
3649,2024-01-01,Dining & restaurants,182.96
3650,2024-01-01,Dining & restaurants,62.59
3651,2024-01-01,Dining & restaurants,410.62
3652,2024-01-01,Dining & restaurants,419.52
3653,2024-01-01,Dining & restaurants,137.17
3654,2024-01-01,Dining & restaurants,268.07
3655,2024-01-01,Dining & restaurants,743.53
3656,2024-01-01,Dining & restaurants,712.42
3657,2024-01-01,Dining & restaurants,330.69
3658,2024-01-01,Dining & restaurants,94.62
3659,2024-01-01,Dining & restaurants,95.25
3660,2024-01-01,Dining & restaurants,118.67
3661,2024-01-01,Dining & restaurants,120.01
3662,2024-01-01,Dining & restaurants,158.36
3663,2024-01-01,Dining & restaurants,800.2
3664,2024-01-01,Dining & restaurants,401.76
3665,2024-01-01,Dining & restaurants,180.92
3666,2024-01-01,Dining & restaurants,148.7
3667,2024-01-01,Dining & restaurants,80.12
3668,2024-01-01,Dining & restaurants,254.83
3669,2024-01-01,Dining & restaurants,180.32
3670,2024-01-01,Dining & restaurants,169.03
3671,2024-01-01,Dining & restaurants,400.47
3672,2024-01-01,Dining & restaurants,1367.72
3673,2024-01-01,Dining & restaurants,55.76
3674,2024-01-01,Dining & restaurants,568.5
3675,2024-01-01,Dining & restaurants,126.01
3676,2024-01-01,Dining & restaurants,449.39
3677,2024-01-01,Dining & restaurants,315.38
3678,2024-01-01,Dining & restaurants,812.47
3679,2024-01-01,Dining & restaurants,383.73
3680,2024-01-01,Dining & restaurants,397.56
3681,2024-01-01,Dining & restaurants,489.2
3682,2024-01-01,Dining & restaurants,1649.6
3683,2024-01-01,Dining & restaurants,275.88
3684,2024-01-01,Dining & restaurants,421.69
3685,2024-01-01,Dining & restaurants,486.79
3686,2024-01-01,Dining & restaurants,113.63
3687,2024-01-01,Dining & restaurants,44.88
3688,2024-01-01,Dining & restaurants,155.02
3689,2024-01-01,Dining & restaurants,499.95
3690,2024-01-01,Dining & restaurants,764.22
3691,2024-01-01,Dining & restaurants,654.5
3692,2024-01-01,Dining & restaurants,289.39
3693,2024-01-01,Dining & restaurants,330.29
3694,2024-01-01,Dining & restaurants,130.66
3695,2024-01-01,Dining & restaurants,339.58
3696,2024-01-01,Dining & restaurants,1434.86
3697,2024-01-01,Dining & restaurants,81.68
3698,2024-01-01,Dining & restaurants,162.92
3699,2024-01-01,Dining & restaurants,139.49
3700,2024-01-01,Dining & restaurants,367.23
3701,2024-01-01,Dining & restaurants,862.14
3702,2024-01-01,Dining & restaurants,119.77
3703,2024-01-01,Dining & restaurants,134.11
3704,2024-01-01,Dining & restaurants,346.66
3705,2024-01-01,Dining & restaurants,99.47
3706,2024-01-01,Dining & restaurants,212.46
3707,2024-01-01,Dining & restaurants,206.58
3708,2024-01-01,Dining & restaurants,222.03
3709,2024-01-01,Dining & restaurants,395.05
3710,2024-01-01,Dining & restaurants,238.61
3711,2024-01-01,Dining & restaurants,1096.28
3712,2024-01-01,Dining & restaurants,163.93
3713,2024-01-01,Dining & restaurants,282.5
3714,2024-01-01,Dining & restaurants,117.17
3715,2024-01-01,Dining & restaurants,135.34
3716,2024-01-01,Dining & restaurants,322.7
3717,2024-01-01,Dining & restaurants,456.81
3718,2024-01-01,Dining & restaurants,395.66
3719,2024-01-01,Dining & restaurants,238.6
3720,2024-01-01,Dining & restaurants,928.31
3721,2024-01-01,Dining & restaurants,384.39
3722,2024-01-01,Dining & restaurants,372.67
3723,2024-01-01,Dining & restaurants,122.26
3724,2024-01-01,Dining & restaurants,99.34
3725,2024-01-01,Dining & restaurants,362.98
3726,2024-01-01,Dining & restaurants,71.94
3727,2024-01-01,Dining & restaurants,575.11
3728,2024-01-01,Dining & restaurants,1267.0
3729,2024-01-01,Dining & restaurants,279.59
3730,2024-01-01,Dining & restaurants,136.6
3731,2024-01-01,Dining & restaurants,134.82
3732,2024-01-01,Dining & restaurants,55.21
3733,2024-01-01,Dining & restaurants,428.3
3734,2024-01-01,Dining & restaurants,480.27
3735,2024-01-01,Dining & restaurants,124.33
3736,2024-01-01,Dining & restaurants,253.0
3737,2024-01-01,Dining & restaurants,404.8
3738,2024-01-01,Dining & restaurants,133.84
3739,2024-01-01,Dining & restaurants,209.6
3740,2024-01-01,Dining & restaurants,191.19
3741,2024-01-01,Dining & restaurants,150.46
3742,2024-01-01,Dining & restaurants,290.86
3743,2024-01-01,Dining & restaurants,113.92
3744,2024-01-01,Dining & restaurants,2632.17
3745,2024-01-01,Dining & restaurants,584.37
3746,2024-01-01,Dining & restaurants,123.6
3747,2024-01-01,Dining & restaurants,748.53
3748,2024-01-01,Dining & restaurants,414.37
3749,2024-01-01,Dining & restaurants,359.98
3750,2024-01-01,Dining & restaurants,174.09
3751,2024-01-01,Dining & restaurants,118.97
3752,2024-01-01,Dining & restaurants,107.97
3753,2024-01-01,Dining & restaurants,292.26
3754,2024-01-01,Dining & restaurants,328.77
3755,2024-01-01,Dining & restaurants,545.24
3756,2024-01-01,Dining & restaurants,492.94
3757,2024-01-01,Dining & restaurants,262.74
3758,2024-01-01,Dining & restaurants,320.72
3759,2024-01-01,Dining & restaurants,354.32
3760,2024-01-01,Dining & restaurants,531.38
3761,2024-01-01,Dining & restaurants,398.84
3762,2024-01-01,Dining & restaurants,181.84
3763,2024-01-01,Dining & restaurants,207.73
3764,2024-01-01,Dining & restaurants,218.33
3765,2024-01-01,Dining & restaurants,47.92
3766,2024-01-01,Dining & restaurants,169.35
3767,2024-01-01,Dining & restaurants,429.53
3768,2024-01-01,Dining & restaurants,369.3
3769,2024-01-01,Dining & restaurants,233.9
3770,2024-01-01,Dining & restaurants,545.72
3771,2024-01-01,Dining & restaurants,515.95
3772,2024-01-01,Dining & restaurants,74.53
3773,2024-01-01,Dining & restaurants,632.08
3774,2024-01-01,Dining & restaurants,172.9
3775,2024-01-01,Dining & restaurants,69.74
3776,2024-01-01,Dining & restaurants,128.57
3777,2024-01-01,Dining & restaurants,126.93
3778,2024-01-01,Dining & restaurants,467.97
3779,2024-01-01,Dining & restaurants,193.29
3780,2024-01-01,Dining & restaurants,95.91
3781,2024-01-01,Dining & restaurants,214.69
3782,2024-01-01,Dining & restaurants,687.52
3783,2024-01-01,Dining & restaurants,294.36
3784,2024-01-01,Dining & restaurants,212.77
3785,2024-01-01,Dining & restaurants,238.97
3786,2024-01-01,Dining & restaurants,468.53
3787,2024-01-01,Dining & restaurants,133.83
3788,2024-01-01,Dining & restaurants,108.14
3789,2024-01-01,Dining & restaurants,447.18
3790,2024-01-01,Dining & restaurants,188.37
3791,2024-01-01,Dining & restaurants,187.07
3792,2024-01-01,Dining & restaurants,1070.57
3793,2024-01-01,Dining & restaurants,183.91
3794,2024-01-01,Dining & restaurants,348.5
3795,2024-01-01,Dining & restaurants,585.09
3796,2024-01-01,Dining & restaurants,108.01
3797,2024-01-01,Dining & restaurants,78.92
3798,2024-01-01,Dining & restaurants,718.87
3799,2024-01-01,Dining & restaurants,283.47
3800,2024-01-01,Dining & restaurants,173.57
3801,2024-01-01,Dining & restaurants,155.49
3802,2024-01-01,Dining & restaurants,65.21
3803,2024-01-01,Dining & restaurants,132.59
3804,2024-01-01,Dining & restaurants,92.97
3805,2024-01-01,Dining & restaurants,188.42
3806,2024-01-01,Dining & restaurants,89.43
3807,2024-01-01,Dining & restaurants,493.96
3808,2024-01-01,Dining & restaurants,287.08
3809,2024-01-01,Dining & restaurants,950.6
3810,2024-01-01,Dining & restaurants,272.81
3811,2024-01-01,Dining & restaurants,177.2
3812,2024-01-01,Dining & restaurants,88.66
3813,2024-01-01,Dining & restaurants,178.7
3814,2024-01-01,Dining & restaurants,327.62
3815,2024-01-01,Dining & restaurants,368.99
3816,2024-01-01,Dining & restaurants,175.85
3817,2024-01-01,Dining & restaurants,129.7
3818,2024-01-01,Dining & restaurants,219.86
3819,2024-01-01,Dining & restaurants,206.16
3820,2024-01-01,Dining & restaurants,276.35
3821,2024-01-01,Dining & restaurants,365.64
3822,2024-01-01,Dining & restaurants,298.56
3823,2024-01-01,Dining & restaurants,108.28
3824,2024-01-01,Dining & restaurants,1065.48
3825,2024-01-01,Dining & restaurants,197.85
3826,2024-01-01,Dining & restaurants,192.72
3827,2024-01-01,Dining & restaurants,274.21
3828,2024-01-01,Dining & restaurants,186.09
3829,2024-01-01,Dining & restaurants,183.98
3830,2024-01-01,Dining & restaurants,464.82
3831,2024-01-01,Dining & restaurants,322.41
3832,2024-01-01,Dining & restaurants,281.05
3833,2024-01-01,Dining & restaurants,394.95
3834,2024-01-01,Dining & restaurants,173.59
3835,2024-01-01,Dining & restaurants,422.82
3836,2024-01-01,Dining & restaurants,268.16
3837,2024-01-01,Dining & restaurants,243.8
3838,2024-01-01,Dining & restaurants,333.15
3839,2024-01-01,Dining & restaurants,91.93
3840,2024-01-01,Dining & restaurants,190.9
3841,2024-01-01,Dining & restaurants,136.73
3842,2024-01-01,Dining & restaurants,746.75
3843,2024-01-01,Dining & restaurants,159.01
3844,2024-01-01,Dining & restaurants,469.32
3845,2024-01-01,Dining & restaurants,930.77
3846,2024-01-01,Dining & restaurants,138.21
3847,2024-01-01,Dining & restaurants,72.62
3848,2024-01-01,Dining & restaurants,322.26
3849,2024-01-01,Dining & restaurants,91.38
3850,2024-01-01,Dining & restaurants,295.04
3851,2024-01-01,Dining & restaurants,506.28
3852,2024-01-01,Dining & restaurants,787.64
3853,2024-01-01,Dining & restaurants,133.49
3854,2024-01-01,Dining & restaurants,90.18
3855,2024-01-01,Dining & restaurants,176.73
3856,2024-01-01,Dining & restaurants,666.77
3857,2024-01-01,Dining & restaurants,152.67
3858,2024-01-01,Dining & restaurants,322.02
3859,2024-01-01,Dining & restaurants,331.24
3860,2024-01-01,Dining & restaurants,192.26
3861,2024-01-01,Dining & restaurants,262.26
3862,2024-01-01,Dining & restaurants,222.7
3863,2024-01-01,Dining & restaurants,126.45
3864,2024-01-01,Dining & restaurants,335.09
3865,2024-01-01,Dining & restaurants,647.55
3866,2024-01-01,Dining & restaurants,133.03
3867,2024-01-01,Dining & restaurants,535.44
3868,2024-01-01,Dining & restaurants,60.02
3869,2024-01-01,Dining & restaurants,64.21
3870,2024-01-01,Dining & restaurants,259.94
3871,2024-01-01,Dining & restaurants,313.56
3872,2024-01-01,Dining & restaurants,371.33
3873,2024-01-01,Dining & restaurants,483.57
3874,2024-01-01,Dining & restaurants,133.81
3875,2024-01-01,Dining & restaurants,511.31
3876,2024-01-01,Dining & restaurants,476.11
3877,2024-01-01,Dining & restaurants,688.46
3878,2024-01-01,Dining & restaurants,139.16
3879,2024-01-01,Dining & restaurants,148.69
3880,2024-01-01,Dining & restaurants,228.39
3881,2024-01-01,Dining & restaurants,372.94
3882,2024-01-01,Dining & restaurants,192.86
3883,2024-01-01,Dining & restaurants,48.42
3884,2024-01-01,Dining & restaurants,401.43
3885,2024-01-01,Dining & restaurants,212.87
3886,2024-01-01,Dining & restaurants,385.72
3887,2024-01-01,Dining & restaurants,95.63
3888,2024-01-01,Dining & restaurants,345.89
3889,2024-01-01,Dining & restaurants,377.3
3890,2024-01-01,Dining & restaurants,140.95
3891,2024-01-01,Dining & restaurants,60.05
3892,2024-01-01,Dining & restaurants,192.47
3893,2024-01-01,Dining & restaurants,259.16
3894,2024-01-01,Dining & restaurants,316.1
3895,2024-01-01,Dining & restaurants,381.82
3896,2024-01-01,Dining & restaurants,74.91
3897,2024-01-01,Dining & restaurants,1930.4
3898,2024-01-01,Dining & restaurants,275.5
3899,2024-01-01,Dining & restaurants,101.54
3900,2024-01-01,Dining & restaurants,209.5
3901,2024-01-01,Dining & restaurants,849.47
3902,2024-01-01,Dining & restaurants,167.31
3903,2024-01-01,Dining & restaurants,54.37
3904,2024-01-01,Dining & restaurants,88.4
3905,2024-01-01,Dining & restaurants,202.49
3906,2024-01-01,Dining & restaurants,100.51
3907,2024-01-01,Dining & restaurants,96.53
3908,2024-01-01,Dining & restaurants,405.27
3909,2024-01-01,Dining & restaurants,240.13
3910,2024-01-01,Dining & restaurants,282.27
3911,2024-01-01,Dining & restaurants,917.0
3912,2024-01-01,Dining & restaurants,239.01
3913,2024-01-01,Dining & restaurants,603.14
3914,2024-01-01,Dining & restaurants,168.77
3915,2024-01-01,Dining & restaurants,33.04
3916,2024-01-01,Dining & restaurants,324.7
3917,2024-01-01,Dining & restaurants,219.99
3918,2024-01-01,Dining & restaurants,280.64
3919,2024-01-01,Dining & restaurants,398.0
3920,2024-01-01,Dining & restaurants,239.06
3921,2024-01-01,Dining & restaurants,59.91
3922,2024-01-01,Dining & restaurants,352.79
3923,2024-01-01,Dining & restaurants,194.77
3924,2024-01-01,Dining & restaurants,534.87
3925,2024-01-01,Dining & restaurants,51.28
3926,2024-01-01,Dining & restaurants,592.46
3927,2024-01-01,Dining & restaurants,79.03
3928,2024-01-01,Dining & restaurants,274.84
3929,2024-01-01,Dining & restaurants,189.04
3930,2024-01-01,Dining & restaurants,385.13
3931,2024-01-01,Dining & restaurants,194.31
3932,2024-01-01,Dining & restaurants,692.19
3933,2024-01-01,Dining & restaurants,107.13
3934,2024-01-01,Dining & restaurants,180.55
3935,2024-01-01,Dining & restaurants,259.25
3936,2024-01-01,Dining & restaurants,104.78
3937,2024-01-01,Dining & restaurants,292.59
3938,2024-01-01,Dining & restaurants,753.5
3939,2024-01-01,Dining & restaurants,132.98
3940,2024-01-01,Dining & restaurants,1103.05
3941,2024-01-01,Dining & restaurants,138.47
3942,2024-01-01,Dining & restaurants,94.66
3943,2024-01-01,Dining & restaurants,295.65
3944,2024-01-01,Dining & restaurants,626.69
3945,2024-01-01,Dining & restaurants,820.23
3946,2024-01-01,Dining & restaurants,1699.48
3947,2024-01-01,Dining & restaurants,211.26
3948,2024-01-01,Dining & restaurants,501.47
3949,2024-01-01,Dining & restaurants,562.97
3950,2024-01-01,Dining & restaurants,544.43
3951,2024-01-01,Dining & restaurants,506.51
3952,2024-01-01,Dining & restaurants,100.86
3953,2024-01-01,Dining & restaurants,127.89
3954,2024-01-01,Dining & restaurants,599.22
3955,2024-01-01,Dining & restaurants,252.12
3956,2024-01-01,Dining & restaurants,253.66
3957,2024-01-01,Dining & restaurants,135.31
3958,2024-01-01,Dining & restaurants,581.65
3959,2024-01-01,Dining & restaurants,378.44
3960,2024-01-01,Dining & restaurants,513.22
3961,2024-01-01,Dining & restaurants,222.49
3962,2024-01-01,Dining & restaurants,228.01
3963,2024-01-01,Dining & restaurants,622.82
3964,2024-01-01,Dining & restaurants,196.48
3965,2024-01-01,Dining & restaurants,684.03
3966,2024-01-01,Dining & restaurants,341.98
3967,2024-01-01,Dining & restaurants,521.99
3968,2024-01-01,Dining & restaurants,1090.55
3969,2024-01-01,Dining & restaurants,183.97
3970,2024-01-01,Dining & restaurants,570.01
3971,2024-01-01,Dining & restaurants,42.81
3972,2024-01-01,Dining & restaurants,102.51
3973,2024-01-01,Dining & restaurants,389.45
3974,2024-01-01,Dining & restaurants,508.02
3975,2024-01-01,Dining & restaurants,426.68
3976,2024-01-01,Dining & restaurants,19.93
3977,2024-01-01,Dining & restaurants,401.58
3978,2024-01-01,Dining & restaurants,206.06
3979,2024-01-01,Dining & restaurants,517.1
3980,2024-01-01,Dining & restaurants,268.87
3981,2024-01-01,Dining & restaurants,148.1
3982,2024-01-01,Dining & restaurants,227.73
3983,2024-01-01,Dining & restaurants,506.18
3984,2024-01-01,Dining & restaurants,307.42
3985,2024-01-01,Dining & restaurants,191.79
3986,2024-01-01,Dining & restaurants,99.82
3987,2024-01-01,Dining & restaurants,156.02
3988,2024-01-01,Dining & restaurants,282.82
3989,2024-01-01,Dining & restaurants,467.61
3990,2024-01-01,Dining & restaurants,541.45
3991,2024-01-01,Dining & restaurants,760.86
3992,2024-01-01,Dining & restaurants,521.6
3993,2024-01-01,Dining & restaurants,305.41
3994,2024-01-01,Dining & restaurants,663.48
3995,2024-01-01,Dining & restaurants,206.37
3996,2024-01-01,Dining & restaurants,933.68
3997,2024-01-01,Dining & restaurants,174.46
3998,2024-01-01,Dining & restaurants,694.32
3999,2024-01-01,Dining & restaurants,130.51
4000,2024-01-01,Dining & restaurants,997.81
4001,2024-01-01,Dining & restaurants,205.2
4002,2024-01-01,Dining & restaurants,105.84
4003,2024-01-01,Dining & restaurants,86.09
4004,2024-01-01,Dining & restaurants,307.02
4005,2024-01-01,Dining & restaurants,600.75
4006,2024-01-01,Dining & restaurants,670.79
4007,2024-01-01,Dining & restaurants,253.08
4008,2024-01-01,Dining & restaurants,157.73
4009,2024-01-01,Dining & restaurants,409.67
4010,2024-01-01,Dining & restaurants,150.26
4011,2024-01-01,Dining & restaurants,206.68
4012,2024-01-01,Dining & restaurants,902.77
4013,2024-01-01,Dining & restaurants,701.93
4014,2024-01-01,Dining & restaurants,173.64
4015,2024-01-01,Dining & restaurants,387.7
4016,2024-01-01,Dining & restaurants,289.14
4017,2024-01-01,Dining & restaurants,251.99
4018,2024-01-01,Dining & restaurants,81.84
4019,2024-01-01,Dining & restaurants,214.56
4020,2024-01-01,Dining & restaurants,196.49
4021,2024-01-01,Dining & restaurants,156.94
4022,2024-01-01,Dining & restaurants,240.63
4023,2024-01-01,Dining & restaurants,165.25
4024,2024-01-01,Dining & restaurants,270.11
4025,2024-01-01,Dining & restaurants,74.98
4026,2024-01-01,Dining & restaurants,254.84
4027,2024-01-01,Dining & restaurants,394.25
4028,2024-01-01,Dining & restaurants,559.11
4029,2024-01-01,Dining & restaurants,190.41
4030,2024-01-01,Dining & restaurants,236.46
4031,2024-01-01,Dining & restaurants,87.01
4032,2024-01-01,Dining & restaurants,881.83
4033,2024-01-01,Dining & restaurants,457.77
4034,2024-01-01,Dining & restaurants,71.91
4035,2024-01-01,Dining & restaurants,318.7
4036,2024-01-01,Dining & restaurants,102.65
4037,2024-01-01,Dining & restaurants,48.74
4038,2024-01-01,Dining & restaurants,105.76
4039,2024-01-01,Dining & restaurants,406.99
4040,2024-01-01,Dining & restaurants,520.33
4041,2024-01-01,Dining & restaurants,455.0
4042,2024-01-01,Dining & restaurants,507.39
4043,2024-01-01,Dining & restaurants,136.53
4044,2024-01-01,Dining & restaurants,316.88
4045,2024-01-01,Dining & restaurants,517.74
4046,2024-01-01,Dining & restaurants,1534.19
4047,2024-01-01,Dining & restaurants,176.39
4048,2024-01-01,Dining & restaurants,179.28
4049,2024-01-01,Dining & restaurants,143.76
4050,2024-01-01,Dining & restaurants,762.92
4051,2024-01-01,Dining & restaurants,57.26
4052,2024-01-01,Dining & restaurants,1322.85
4053,2024-01-01,Dining & restaurants,704.19
4054,2024-01-01,Dining & restaurants,268.31
4055,2024-01-01,Dining & restaurants,156.68
4056,2024-01-01,Dining & restaurants,309.6
4057,2024-01-01,Dining & restaurants,393.35
4058,2024-01-01,Dining & restaurants,764.39
4059,2024-01-01,Dining & restaurants,227.85
4060,2024-01-01,Dining & restaurants,99.43
4061,2024-01-01,Dining & restaurants,119.2
4062,2024-01-01,Dining & restaurants,501.4
4063,2024-01-01,Dining & restaurants,294.59
4064,2024-01-01,Dining & restaurants,371.17
4065,2024-01-01,Dining & restaurants,273.07
4066,2024-01-01,Dining & restaurants,221.4
4067,2024-01-01,Dining & restaurants,1184.25
4068,2024-01-01,Dining & restaurants,48.79
4069,2024-01-01,Dining & restaurants,249.62
4070,2024-01-01,Dining & restaurants,212.92
4071,2024-01-01,Dining & restaurants,393.56
4072,2024-01-01,Dining & restaurants,188.25
4073,2024-01-01,Dining & restaurants,171.89
4074,2024-01-01,Dining & restaurants,354.46
4075,2024-01-01,Dining & restaurants,83.43
4076,2024-01-01,Dining & restaurants,392.62
4077,2024-01-01,Dining & restaurants,651.63
4078,2024-01-01,Dining & restaurants,527.77
4079,2024-01-01,Dining & restaurants,243.74
4080,2024-01-01,Dining & restaurants,241.69
4081,2024-01-01,Dining & restaurants,364.26
4082,2024-01-01,Dining & restaurants,136.09
4083,2024-01-01,Dining & restaurants,166.65
4084,2024-01-01,Dining & restaurants,727.97
4085,2024-01-01,Dining & restaurants,196.11
4086,2024-01-01,Dining & restaurants,987.04
4087,2024-01-01,Dining & restaurants,588.46
4088,2024-01-01,Dining & restaurants,419.03
4089,2024-01-01,Dining & restaurants,180.88
4090,2024-01-01,Dining & restaurants,1012.28
4091,2024-01-01,Dining & restaurants,227.23
4092,2024-01-01,Dining & restaurants,362.76
4093,2024-01-01,Dining & restaurants,358.35
4094,2024-01-01,Dining & restaurants,362.76
4095,2024-01-01,Dining & restaurants,288.05
4096,2024-01-01,Dining & restaurants,264.13
4097,2024-01-01,Dining & restaurants,860.44
4098,2024-01-01,Dining & restaurants,282.66
4099,2024-01-01,Dining & restaurants,317.36
4100,2024-01-01,Dining & restaurants,1952.47
4101,2024-01-01,Dining & restaurants,112.94
4102,2024-01-01,Dining & restaurants,115.85
4103,2024-01-01,Dining & restaurants,889.54
4104,2024-01-01,Dining & restaurants,730.05
4105,2024-01-01,Dining & restaurants,407.83
4106,2024-01-01,Dining & restaurants,394.02
4107,2024-01-01,Dining & restaurants,50.99
4108,2024-01-01,Dining & restaurants,792.45
4109,2024-01-01,Dining & restaurants,79.45
4110,2024-01-01,Dining & restaurants,176.94
4111,2024-01-01,Dining & restaurants,91.72
4112,2024-01-01,Dining & restaurants,456.14
4113,2024-01-01,Dining & restaurants,4341.59
4114,2024-01-01,Dining & restaurants,252.89
4115,2024-01-01,Dining & restaurants,171.54
4116,2024-01-01,Dining & restaurants,293.66
4117,2024-01-01,Dining & restaurants,26.88
4118,2024-01-01,Dining & restaurants,525.16
4119,2024-01-01,Dining & restaurants,859.63
4120,2024-01-01,Dining & restaurants,875.04
4121,2024-01-01,Dining & restaurants,248.98
4122,2024-01-01,Dining & restaurants,106.74
4123,2024-01-01,Dining & restaurants,309.88
4124,2024-01-01,Dining & restaurants,14.05
4125,2024-01-01,Dining & restaurants,76.39
4126,2024-01-01,Dining & restaurants,192.71
4127,2024-01-01,Dining & restaurants,246.94
4128,2024-01-01,Dining & restaurants,60.9
4129,2024-01-01,Dining & restaurants,335.43
4130,2024-01-01,Dining & restaurants,629.6
4131,2024-01-01,Dining & restaurants,396.0
4132,2024-01-01,Dining & restaurants,737.64
4133,2024-01-01,Dining & restaurants,181.19
4134,2024-01-01,Dining & restaurants,110.42
4135,2024-01-01,Dining & restaurants,317.27
4136,2024-01-01,Dining & restaurants,166.89
4137,2024-01-01,Dining & restaurants,807.02
4138,2024-01-01,Dining & restaurants,471.46
4139,2024-01-01,Dining & restaurants,68.47
4140,2024-01-01,Dining & restaurants,131.81
4141,2024-01-01,Dining & restaurants,264.56
4142,2024-01-01,Dining & restaurants,384.53
4143,2024-01-01,Dining & restaurants,163.71
4144,2024-01-01,Dining & restaurants,472.81
4145,2024-01-01,Dining & restaurants,152.31
4146,2024-01-01,Dining & restaurants,96.83
4147,2024-01-01,Dining & restaurants,619.7
4148,2024-01-01,Dining & restaurants,408.24
4149,2024-01-01,Dining & restaurants,46.8
4150,2024-01-01,Dining & restaurants,424.64
4151,2024-01-01,Dining & restaurants,462.23
4152,2024-01-01,Dining & restaurants,567.26
4153,2024-01-01,Dining & restaurants,196.3
4154,2024-01-01,Dining & restaurants,203.68
4155,2024-01-01,Dining & restaurants,412.93
4156,2024-01-01,Dining & restaurants,329.47
4157,2024-01-01,Dining & restaurants,158.53
4158,2024-01-01,Dining & restaurants,284.76
4159,2024-01-01,Dining & restaurants,57.94
4160,2024-01-01,Dining & restaurants,149.17
4161,2024-01-01,Dining & restaurants,387.74
4162,2024-01-01,Dining & restaurants,412.14
4163,2024-01-01,Dining & restaurants,255.02
4164,2024-01-01,Dining & restaurants,635.82
4165,2024-01-01,Dining & restaurants,203.97
4166,2024-01-01,Dining & restaurants,268.02
4167,2024-01-01,Dining & restaurants,288.54
4168,2024-01-01,Dining & restaurants,435.96
4169,2024-01-01,Dining & restaurants,252.28
4170,2024-01-01,Dining & restaurants,222.61
4171,2024-01-01,Dining & restaurants,556.18
4172,2024-01-01,Dining & restaurants,126.69
4173,2024-01-01,Dining & restaurants,44.78
4174,2024-01-01,Dining & restaurants,158.97
4175,2024-01-01,Dining & restaurants,94.66
4176,2024-01-01,Dining & restaurants,65.58
4177,2024-01-01,Dining & restaurants,167.76
4178,2024-01-01,Dining & restaurants,142.71
4179,2024-01-01,Dining & restaurants,242.12
4180,2024-01-01,Dining & restaurants,187.42
4181,2024-01-01,Dining & restaurants,287.32
4182,2024-01-01,Dining & restaurants,177.67
4183,2024-01-01,Dining & restaurants,190.82
4184,2024-01-01,Dining & restaurants,395.28
4185,2024-01-01,Dining & restaurants,826.66
4186,2024-01-01,Dining & restaurants,274.28
4187,2024-01-01,Dining & restaurants,324.07
4188,2024-01-01,Dining & restaurants,232.29
4189,2024-01-01,Dining & restaurants,700.97
4190,2024-01-01,Dining & restaurants,128.05
4191,2024-01-01,Dining & restaurants,211.81
4192,2024-01-01,Dining & restaurants,210.99
4193,2024-01-01,Dining & restaurants,370.2
4194,2024-01-01,Dining & restaurants,407.85
4195,2024-01-01,Dining & restaurants,283.31
4196,2024-01-01,Dining & restaurants,290.75
4197,2024-01-01,Dining & restaurants,1066.2
4198,2024-01-01,Dining & restaurants,308.11
4199,2024-01-01,Dining & restaurants,385.94
4200,2024-01-01,Dining & restaurants,202.82
4201,2024-01-01,Dining & restaurants,69.91
4202,2024-01-01,Dining & restaurants,173.86
4203,2024-01-01,Dining & restaurants,621.42
4204,2024-01-01,Dining & restaurants,134.4
4205,2024-01-01,Dining & restaurants,307.13
4206,2024-01-01,Dining & restaurants,337.12
4207,2024-01-01,Dining & restaurants,194.23
4208,2024-01-01,Dining & restaurants,103.65
4209,2024-01-01,Dining & restaurants,705.83
4210,2024-01-01,Dining & restaurants,159.38
4211,2024-01-01,Dining & restaurants,807.02
4212,2024-01-01,Dining & restaurants,327.01
4213,2024-01-01,Dining & restaurants,236.52
4214,2024-01-01,Dining & restaurants,319.08
4215,2024-01-01,Dining & restaurants,337.04
4216,2024-01-01,Dining & restaurants,150.71
4217,2024-01-01,Dining & restaurants,1596.58
4218,2024-01-01,Dining & restaurants,572.0
4219,2024-01-01,Dining & restaurants,104.43
4220,2024-01-01,Dining & restaurants,521.32
4221,2024-01-01,Dining & restaurants,241.24
4222,2024-01-01,Dining & restaurants,228.08
4223,2024-01-01,Dining & restaurants,61.77
4224,2024-01-01,Dining & restaurants,173.81
4225,2024-01-01,Dining & restaurants,355.56
4226,2024-01-01,Dining & restaurants,104.15
4227,2024-01-01,Dining & restaurants,82.31
4228,2024-01-01,Dining & restaurants,182.67
4229,2024-01-01,Dining & restaurants,235.78
4230,2024-01-01,Dining & restaurants,775.57
4231,2024-01-01,Dining & restaurants,188.5
4232,2024-01-01,Dining & restaurants,345.35
4233,2024-01-01,Dining & restaurants,380.69
4234,2024-01-01,Dining & restaurants,163.02
4235,2024-01-01,Dining & restaurants,468.06
4236,2024-01-01,Dining & restaurants,376.1
4237,2024-01-01,Dining & restaurants,360.11
4238,2024-01-01,Dining & restaurants,106.1
4239,2024-01-01,Dining & restaurants,157.83
4240,2024-01-01,Dining & restaurants,482.1
4241,2024-01-01,Dining & restaurants,106.88
4242,2024-01-01,Dining & restaurants,118.06
4243,2024-01-01,Dining & restaurants,120.09
4244,2024-01-01,Dining & restaurants,275.33
4245,2024-01-01,Dining & restaurants,172.19
4246,2024-01-01,Dining & restaurants,162.23
4247,2024-01-01,Dining & restaurants,350.37
4248,2024-01-01,Dining & restaurants,622.73
4249,2024-01-01,Dining & restaurants,101.63
4250,2024-01-01,Dining & restaurants,114.47
4251,2024-01-01,Dining & restaurants,199.13
4252,2024-01-01,Dining & restaurants,335.45
4253,2024-01-01,Dining & restaurants,328.38
4254,2024-01-01,Dining & restaurants,91.93
4255,2024-01-01,Dining & restaurants,782.83
4256,2024-01-01,Dining & restaurants,620.23
4257,2024-01-01,Dining & restaurants,156.91
4258,2024-01-01,Dining & restaurants,395.02
4259,2024-01-01,Dining & restaurants,187.22
4260,2024-01-01,Dining & restaurants,629.57
4261,2024-01-01,Dining & restaurants,1171.15
4262,2024-01-01,Dining & restaurants,324.28
4263,2024-01-01,Dining & restaurants,379.14
4264,2024-01-01,Dining & restaurants,136.33
4265,2024-01-01,Dining & restaurants,99.14
4266,2024-01-01,Dining & restaurants,699.93
4267,2024-01-01,Dining & restaurants,110.25
4268,2024-01-01,Dining & restaurants,519.36
4269,2024-01-01,Dining & restaurants,226.88
4270,2024-01-01,Dining & restaurants,102.01
4271,2024-01-01,Dining & restaurants,215.71
4272,2024-01-01,Dining & restaurants,31.92
4273,2024-01-01,Dining & restaurants,431.1
4274,2024-01-01,Dining & restaurants,282.04
4275,2024-01-01,Dining & restaurants,559.41
4276,2024-01-01,Dining & restaurants,233.15
4277,2024-01-01,Dining & restaurants,209.19
4278,2024-01-01,Dining & restaurants,132.52
4279,2024-01-01,Dining & restaurants,185.16
4280,2024-01-01,Dining & restaurants,322.41
4281,2024-01-01,Dining & restaurants,432.32
4282,2024-01-01,Dining & restaurants,160.25
4283,2024-01-01,Dining & restaurants,241.93
4284,2024-01-01,Dining & restaurants,558.48
4285,2024-01-01,Dining & restaurants,138.2
4286,2024-01-01,Dining & restaurants,141.58
4287,2024-01-01,Dining & restaurants,154.62
4288,2024-01-01,Dining & restaurants,318.63
4289,2024-01-01,Dining & restaurants,134.39
4290,2024-01-01,Dining & restaurants,617.9
4291,2024-01-01,Dining & restaurants,194.7
4292,2024-01-01,Dining & restaurants,505.19
4293,2024-01-01,Dining & restaurants,197.82
4294,2024-01-01,Dining & restaurants,64.68
4295,2024-01-01,Dining & restaurants,309.04
4296,2024-01-01,Dining & restaurants,202.92
4297,2024-01-01,Dining & restaurants,156.47
4298,2024-01-01,Dining & restaurants,973.08
4299,2024-01-01,Dining & restaurants,256.05
4300,2024-01-01,Dining & restaurants,265.82
4301,2024-01-01,Dining & restaurants,536.39
4302,2024-01-01,Dining & restaurants,18.14
4303,2024-01-01,Dining & restaurants,212.0
4304,2024-01-01,Dining & restaurants,283.55
4305,2024-01-01,Dining & restaurants,212.5
4306,2024-01-01,Dining & restaurants,476.57
4307,2024-01-01,Dining & restaurants,275.04
4308,2024-01-01,Dining & restaurants,100.33
4309,2024-01-01,Dining & restaurants,421.45
4310,2024-01-01,Dining & restaurants,387.53
4311,2024-01-01,Dining & restaurants,166.3
4312,2024-01-01,Dining & restaurants,95.57
4313,2024-01-01,Dining & restaurants,950.74
4314,2024-01-01,Dining & restaurants,193.09
4315,2024-01-01,Dining & restaurants,227.66
4316,2024-01-01,Dining & restaurants,225.73
4317,2024-01-01,Dining & restaurants,168.41
4318,2024-01-01,Dining & restaurants,479.01
4319,2024-01-01,Dining & restaurants,575.51
4320,2024-01-01,Dining & restaurants,323.7
4321,2024-01-01,Dining & restaurants,162.45
4322,2024-01-01,Dining & restaurants,147.83
4323,2024-01-01,Dining & restaurants,239.72
4324,2024-01-01,Dining & restaurants,301.17
4325,2024-01-01,Dining & restaurants,163.36
4326,2024-01-01,Dining & restaurants,85.16
4327,2024-01-01,Dining & restaurants,882.19
4328,2024-01-01,Dining & restaurants,42.91
4329,2024-01-01,Dining & restaurants,356.8
4330,2024-01-01,Dining & restaurants,581.82
4331,2024-01-01,Dining & restaurants,199.6
4332,2024-01-01,Dining & restaurants,580.83
4333,2024-01-01,Dining & restaurants,121.3
4334,2024-01-01,Dining & restaurants,282.83
4335,2024-01-01,Dining & restaurants,313.82
4336,2024-01-01,Dining & restaurants,870.33
4337,2024-01-01,Dining & restaurants,172.05
4338,2024-01-01,Dining & restaurants,155.71
4339,2024-01-01,Dining & restaurants,205.21
4340,2024-01-01,Dining & restaurants,162.55
4341,2024-01-01,Dining & restaurants,395.53
4342,2024-01-01,Dining & restaurants,709.46
4343,2024-01-01,Dining & restaurants,151.14
4344,2024-01-01,Dining & restaurants,314.97
4345,2024-01-01,Dining & restaurants,104.15
4346,2024-01-01,Dining & restaurants,394.29
4347,2024-01-01,Dining & restaurants,312.69
4348,2024-01-01,Dining & restaurants,250.02
4349,2024-01-01,Dining & restaurants,218.29
4350,2024-01-01,Dining & restaurants,158.12
4351,2024-01-01,Dining & restaurants,119.62
4352,2024-01-01,Dining & restaurants,216.59
4353,2024-01-01,Dining & restaurants,293.91
4354,2024-01-01,Dining & restaurants,69.7
4355,2024-01-01,Dining & restaurants,118.35
4356,2024-01-01,Dining & restaurants,302.65
4357,2024-01-01,Dining & restaurants,133.48
4358,2024-01-01,Dining & restaurants,74.64
4359,2024-01-01,Dining & restaurants,259.02
4360,2024-01-01,Dining & restaurants,214.59
4361,2024-01-01,Dining & restaurants,858.17
4362,2024-01-01,Dining & restaurants,21.47
4363,2024-01-01,Dining & restaurants,156.06
4364,2024-01-01,Dining & restaurants,668.85
4365,2024-01-01,Dining & restaurants,171.26
4366,2024-01-01,Dining & restaurants,363.12
4367,2024-01-01,Dining & restaurants,569.03
4368,2024-01-01,Dining & restaurants,297.85
4369,2024-01-01,Dining & restaurants,753.18
4370,2024-01-01,Dining & restaurants,344.67
4371,2024-01-01,Dining & restaurants,74.77
4372,2024-01-01,Dining & restaurants,296.33
4373,2024-01-01,Dining & restaurants,328.61
4374,2024-01-01,Dining & restaurants,338.91
4375,2024-01-01,Dining & restaurants,509.28
4376,2024-01-01,Dining & restaurants,215.2
4377,2024-01-01,Dining & restaurants,419.97
4378,2024-01-01,Dining & restaurants,257.71
4379,2024-01-01,Dining & restaurants,227.96
4380,2024-01-01,Dining & restaurants,147.52
4381,2024-01-01,Dining & restaurants,969.18
4382,2024-01-01,Dining & restaurants,112.38
4383,2024-01-01,Dining & restaurants,377.76
4384,2024-01-01,Dining & restaurants,122.85
4385,2024-01-01,Dining & restaurants,291.38
4386,2024-01-01,Dining & restaurants,78.23
4387,2024-01-01,Dining & restaurants,129.79
4388,2024-01-01,Dining & restaurants,642.34
4389,2024-01-01,Dining & restaurants,1206.38
4390,2024-01-01,Dining & restaurants,518.17
4391,2024-01-01,Dining & restaurants,151.96
4392,2024-01-01,Dining & restaurants,92.63
4393,2024-01-01,Dining & restaurants,145.11
4394,2024-01-01,Dining & restaurants,871.24
4395,2024-01-01,Dining & restaurants,147.83
4396,2024-01-01,Dining & restaurants,109.51
4397,2024-01-01,Dining & restaurants,546.57
4398,2024-01-01,Dining & restaurants,411.14
4399,2024-01-01,Dining & restaurants,541.12
4400,2024-01-01,Dining & restaurants,781.08
4401,2024-01-01,Dining & restaurants,424.71
4402,2024-01-01,Dining & restaurants,362.0
4403,2024-01-01,Dining & restaurants,335.97
4404,2024-01-01,Dining & restaurants,602.72
4405,2024-01-01,Dining & restaurants,46.71
4406,2024-01-01,Dining & restaurants,319.36
4407,2024-01-01,Dining & restaurants,34.95
4408,2024-01-01,Dining & restaurants,424.34
4409,2024-01-01,Dining & restaurants,502.4
4410,2024-01-01,Dining & restaurants,188.9
4411,2024-01-01,Dining & restaurants,1688.31
4412,2024-01-01,Dining & restaurants,409.3
4413,2024-01-01,Dining & restaurants,101.38
4414,2024-01-01,Dining & restaurants,361.7
4415,2024-01-01,Dining & restaurants,714.22
4416,2024-01-01,Dining & restaurants,315.85
4417,2024-01-01,Dining & restaurants,692.89
4418,2024-01-01,Dining & restaurants,956.05
4419,2024-01-01,Dining & restaurants,914.31
4420,2024-01-01,Dining & restaurants,247.68
4421,2024-01-01,Dining & restaurants,381.01
4422,2024-01-01,Dining & restaurants,170.62
4423,2024-01-01,Dining & restaurants,302.76
4424,2024-01-01,Dining & restaurants,236.95
4425,2024-01-01,Dining & restaurants,331.28
4426,2024-01-01,Dining & restaurants,395.16
4427,2024-01-01,Dining & restaurants,171.29
4428,2024-01-01,Dining & restaurants,764.5
4429,2024-01-01,Dining & restaurants,317.84
4430,2024-01-01,Dining & restaurants,316.32
4431,2024-01-01,Dining & restaurants,315.48
4432,2024-01-01,Dining & restaurants,217.12
4433,2024-01-01,Dining & restaurants,561.92
4434,2024-01-01,Dining & restaurants,125.4
4435,2024-01-01,Dining & restaurants,988.8
4436,2024-01-01,Dining & restaurants,401.65
4437,2024-01-01,Dining & restaurants,373.18
4438,2024-01-01,Dining & restaurants,277.95
4439,2024-01-01,Dining & restaurants,145.59
4440,2024-01-01,Dining & restaurants,162.93
4441,2024-01-01,Dining & restaurants,127.7
4442,2024-01-01,Dining & restaurants,143.29
4443,2024-01-01,Dining & restaurants,546.49
4444,2024-01-01,Dining & restaurants,266.95
4445,2024-01-01,Dining & restaurants,247.58
4446,2024-01-01,Dining & restaurants,51.04
4447,2024-01-01,Dining & restaurants,77.79
4448,2024-01-01,Dining & restaurants,130.12
4449,2024-01-01,Dining & restaurants,586.13
4450,2024-01-01,Dining & restaurants,90.68
4451,2024-01-01,Dining & restaurants,732.21
4452,2024-01-01,Dining & restaurants,176.68
4453,2024-01-01,Dining & restaurants,308.75
4454,2024-01-01,Dining & restaurants,218.28
4455,2024-01-01,Dining & restaurants,181.29
4456,2024-01-01,Dining & restaurants,536.47
4457,2024-01-01,Dining & restaurants,397.34
4458,2024-01-01,Dining & restaurants,532.42
4459,2024-01-01,Dining & restaurants,605.83
4460,2024-01-01,Dining & restaurants,119.95
4461,2024-01-01,Dining & restaurants,271.64
4462,2024-01-01,Dining & restaurants,318.58
4463,2024-01-01,Dining & restaurants,172.66
4464,2024-01-01,Dining & restaurants,323.99
4465,2024-01-01,Dining & restaurants,242.66
4466,2024-01-01,Dining & restaurants,477.88
4467,2024-01-01,Dining & restaurants,718.3
4468,2024-01-01,Dining & restaurants,273.65
4469,2024-01-01,Dining & restaurants,50.29
4470,2024-01-01,Dining & restaurants,251.31
4471,2024-01-01,Dining & restaurants,131.78
4472,2024-01-01,Dining & restaurants,43.19
4473,2024-01-01,Dining & restaurants,315.54
4474,2024-01-01,Dining & restaurants,133.39
4475,2024-01-01,Dining & restaurants,365.65
4476,2024-01-01,Dining & restaurants,259.5
4477,2024-01-01,Dining & restaurants,241.56
4478,2024-01-01,Dining & restaurants,463.59
4479,2024-01-01,Dining & restaurants,212.76
4480,2024-01-01,Dining & restaurants,266.06
4481,2024-01-01,Dining & restaurants,1205.53
4482,2024-01-01,Dining & restaurants,63.43
4483,2024-01-01,Dining & restaurants,120.51
4484,2024-01-01,Dining & restaurants,89.46
4485,2024-01-01,Dining & restaurants,883.99
4486,2024-01-01,Dining & restaurants,314.39
4487,2024-01-01,Dining & restaurants,1099.29
4488,2024-01-01,Dining & restaurants,160.65
4489,2024-01-01,Dining & restaurants,195.34
4490,2024-01-01,Dining & restaurants,104.99
4491,2024-01-01,Dining & restaurants,622.83
4492,2024-01-01,Dining & restaurants,573.47
4493,2024-01-01,Dining & restaurants,126.69
4494,2024-01-01,Dining & restaurants,102.95
4495,2024-01-01,Dining & restaurants,218.12
4496,2024-01-01,Dining & restaurants,155.54
4497,2024-01-01,Dining & restaurants,79.34
4498,2024-01-01,Dining & restaurants,237.01
4499,2024-01-01,Dining & restaurants,132.08
4500,2024-01-01,Dining & restaurants,358.47
4501,2024-01-01,Dining & restaurants,180.38
4502,2024-01-01,Dining & restaurants,275.99
4503,2024-01-01,Dining & restaurants,339.82
4504,2024-01-01,Dining & restaurants,162.94
4505,2024-01-01,Dining & restaurants,380.5
4506,2024-01-01,Dining & restaurants,533.66
4507,2024-01-01,Dining & restaurants,109.63
4508,2024-01-01,Dining & restaurants,286.49
4509,2024-01-01,Dining & restaurants,289.84
4510,2024-01-01,Dining & restaurants,101.93
4511,2024-01-01,Dining & restaurants,233.81
4512,2024-01-01,Dining & restaurants,154.26
4513,2024-01-01,Dining & restaurants,262.44
4514,2024-01-01,Dining & restaurants,157.73
4515,2024-01-01,Dining & restaurants,221.5
4516,2024-01-01,Dining & restaurants,445.76
4517,2024-01-01,Dining & restaurants,97.01
4518,2024-01-01,Dining & restaurants,153.54
4519,2024-01-01,Dining & restaurants,352.46
4520,2024-01-01,Dining & restaurants,318.76
4521,2024-01-01,Dining & restaurants,243.06
4522,2024-01-01,Dining & restaurants,721.51
4523,2024-01-01,Dining & restaurants,790.61
4524,2024-01-01,Dining & restaurants,245.87
4525,2024-01-01,Dining & restaurants,117.06
4526,2024-01-01,Dining & restaurants,456.73
4527,2024-01-01,Dining & restaurants,183.85
4528,2024-01-01,Dining & restaurants,33.39
4529,2024-01-01,Dining & restaurants,190.14
4530,2024-01-01,Dining & restaurants,247.97
4531,2024-01-01,Dining & restaurants,169.29
4532,2024-01-01,Dining & restaurants,425.93
4533,2024-01-01,Dining & restaurants,639.31
4534,2024-01-01,Dining & restaurants,753.22
4535,2024-01-01,Dining & restaurants,175.97
4536,2024-01-01,Dining & restaurants,193.86
4537,2024-01-01,Dining & restaurants,153.46
4538,2024-01-01,Dining & restaurants,228.26
4539,2024-01-01,Dining & restaurants,1093.34
4540,2024-01-01,Dining & restaurants,772.13
4541,2024-01-01,Dining & restaurants,407.84
4542,2024-01-01,Dining & restaurants,311.32
4543,2024-01-01,Dining & restaurants,249.01
4544,2024-01-01,Dining & restaurants,133.13
4545,2024-01-01,Dining & restaurants,237.87
4546,2024-01-01,Dining & restaurants,153.59
4547,2024-01-01,Dining & restaurants,890.37
4548,2024-01-01,Dining & restaurants,203.08
4549,2024-01-01,Dining & restaurants,82.7
4550,2024-01-01,Dining & restaurants,430.91
4551,2024-01-01,Dining & restaurants,119.98
4552,2024-01-01,Dining & restaurants,146.34
4553,2024-01-01,Dining & restaurants,1290.65
4554,2024-01-01,Dining & restaurants,142.62
4555,2024-01-01,Dining & restaurants,69.45
4556,2024-01-01,Dining & restaurants,132.91
4557,2024-01-01,Dining & restaurants,630.49
4558,2024-01-01,Dining & restaurants,344.65
4559,2024-01-01,Dining & restaurants,575.78
4560,2024-01-01,Dining & restaurants,147.6
4561,2024-01-01,Dining & restaurants,154.96
4562,2024-01-01,Dining & restaurants,198.82
4563,2024-01-01,Dining & restaurants,333.34
4564,2024-01-01,Dining & restaurants,1333.13
4565,2024-01-01,Dining & restaurants,583.11
4566,2024-01-01,Dining & restaurants,35.43
4567,2024-01-01,Dining & restaurants,254.15
4568,2024-01-01,Dining & restaurants,492.32
4569,2024-01-01,Dining & restaurants,214.93
4570,2024-01-01,Dining & restaurants,592.35
4571,2024-01-01,Dining & restaurants,355.86
4572,2024-01-01,Dining & restaurants,428.41
4573,2024-01-01,Dining & restaurants,415.47
4574,2024-01-01,Dining & restaurants,124.57
4575,2024-01-01,Dining & restaurants,195.53
4576,2024-01-01,Dining & restaurants,147.76
4577,2024-01-01,Dining & restaurants,702.35
4578,2024-01-01,Dining & restaurants,105.81
4579,2024-01-01,Dining & restaurants,90.6
4580,2024-01-01,Dining & restaurants,150.82
4581,2024-01-01,Dining & restaurants,174.83
4582,2024-01-01,Dining & restaurants,555.74
4583,2024-01-01,Dining & restaurants,129.41
4584,2024-01-01,Dining & restaurants,165.1
4585,2024-01-01,Dining & restaurants,827.45
4586,2024-01-01,Dining & restaurants,79.61
4587,2024-01-01,Dining & restaurants,1471.84
4588,2024-01-01,Dining & restaurants,1413.29
4589,2024-01-01,Dining & restaurants,95.66
4590,2024-01-01,Dining & restaurants,591.52
4591,2024-01-01,Dining & restaurants,292.34
4592,2024-01-01,Dining & restaurants,638.47
4593,2024-01-01,Dining & restaurants,132.22
4594,2024-01-01,Dining & restaurants,374.6
4595,2024-01-01,Dining & restaurants,905.27
4596,2024-01-01,Dining & restaurants,91.62
4597,2024-01-01,Dining & restaurants,109.2
4598,2024-01-01,Dining & restaurants,311.68
4599,2024-01-01,Dining & restaurants,722.0
4600,2024-01-01,Dining & restaurants,810.38
4601,2024-01-01,Dining & restaurants,167.49
4602,2024-01-01,Dining & restaurants,65.44
4603,2024-01-01,Dining & restaurants,115.53
4604,2024-01-01,Dining & restaurants,779.85
4605,2024-01-01,Dining & restaurants,72.32
4606,2024-01-01,Dining & restaurants,36.05
4607,2024-01-01,Dining & restaurants,71.75
4608,2024-01-01,Dining & restaurants,208.71
4609,2024-01-01,Dining & restaurants,505.03
4610,2024-01-01,Dining & restaurants,354.4
4611,2024-01-01,Dining & restaurants,269.25
4612,2024-01-01,Dining & restaurants,353.7
4613,2024-01-01,Dining & restaurants,198.83
4614,2024-01-01,Dining & restaurants,843.56
4615,2024-01-01,Dining & restaurants,231.5
4616,2024-01-01,Dining & restaurants,365.48
4617,2024-01-01,Dining & restaurants,119.27
4618,2024-01-01,Dining & restaurants,71.51
4619,2024-01-01,Dining & restaurants,248.64
4620,2024-01-01,Dining & restaurants,189.14
4621,2024-01-01,Dining & restaurants,156.89
4622,2024-01-01,Dining & restaurants,46.97
4623,2024-01-01,Dining & restaurants,272.92
4624,2024-01-01,Dining & restaurants,96.6
4625,2024-01-01,Dining & restaurants,102.48
4626,2024-01-01,Dining & restaurants,285.19
4627,2024-01-01,Dining & restaurants,471.91
4628,2024-01-01,Dining & restaurants,144.19
4629,2024-01-01,Dining & restaurants,179.79
4630,2024-01-01,Dining & restaurants,336.35
4631,2024-01-01,Dining & restaurants,1047.88
4632,2024-01-01,Dining & restaurants,688.95
4633,2024-01-01,Dining & restaurants,455.8
4634,2024-01-01,Dining & restaurants,167.51
4635,2024-01-01,Dining & restaurants,279.3
4636,2024-01-01,Dining & restaurants,374.54
4637,2024-01-01,Dining & restaurants,95.62
4638,2024-01-01,Dining & restaurants,321.47
4639,2024-01-01,Dining & restaurants,641.78
4640,2024-01-01,Dining & restaurants,281.01
4641,2024-01-01,Dining & restaurants,47.17
4642,2024-01-01,Dining & restaurants,173.66
4643,2024-01-01,Dining & restaurants,126.22
4644,2024-01-01,Dining & restaurants,528.12
4645,2024-01-01,Dining & restaurants,53.76
4646,2024-01-01,Dining & restaurants,53.09
4647,2024-01-01,Dining & restaurants,206.38
4648,2024-01-01,Dining & restaurants,224.63
4649,2024-01-01,Dining & restaurants,264.48
4650,2024-01-01,Dining & restaurants,375.32
4651,2024-01-01,Dining & restaurants,413.54
4652,2024-01-01,Dining & restaurants,51.97
4653,2024-01-01,Dining & restaurants,264.57
4654,2024-01-01,Dining & restaurants,170.39
4655,2024-01-01,Dining & restaurants,318.77
4656,2024-01-01,Dining & restaurants,530.5
4657,2024-01-01,Dining & restaurants,208.29
4658,2024-01-01,Dining & restaurants,449.26
4659,2024-01-01,Dining & restaurants,732.38
4660,2024-01-01,Dining & restaurants,473.79
4661,2024-01-01,Dining & restaurants,130.22
4662,2024-01-01,Dining & restaurants,556.35
4663,2024-01-01,Dining & restaurants,243.51
4664,2024-01-01,Dining & restaurants,299.9
4665,2024-01-01,Dining & restaurants,361.96
4666,2024-01-01,Dining & restaurants,135.62
4667,2024-01-01,Dining & restaurants,767.35
4668,2024-01-01,Dining & restaurants,351.16
4669,2024-01-01,Dining & restaurants,232.97
4670,2024-01-01,Dining & restaurants,140.68
4671,2024-01-01,Dining & restaurants,570.22
4672,2024-01-01,Dining & restaurants,240.92
4673,2024-01-01,Dining & restaurants,277.32
4674,2024-01-01,Dining & restaurants,437.31
4675,2024-01-01,Dining & restaurants,300.92
4676,2024-01-01,Dining & restaurants,219.34
4677,2024-01-01,Dining & restaurants,604.23
4678,2024-01-01,Dining & restaurants,78.65
4679,2024-01-01,Dining & restaurants,461.44
4680,2024-01-01,Dining & restaurants,193.08
4681,2024-01-01,Dining & restaurants,314.94
4682,2024-01-01,Dining & restaurants,278.69
4683,2024-01-01,Dining & restaurants,132.88
4684,2024-01-01,Dining & restaurants,224.13
4685,2024-01-01,Dining & restaurants,83.42
4686,2024-01-01,Dining & restaurants,52.68
4687,2024-01-01,Dining & restaurants,523.5
4688,2024-01-01,Dining & restaurants,826.95
4689,2024-01-01,Dining & restaurants,149.58
4690,2024-01-01,Dining & restaurants,159.7
4691,2024-01-01,Dining & restaurants,403.19
4692,2024-01-01,Dining & restaurants,325.49
4693,2024-01-01,Dining & restaurants,450.58
4694,2024-01-01,Dining & restaurants,115.38
4695,2024-01-01,Dining & restaurants,198.29
4696,2024-01-01,Dining & restaurants,294.86
4697,2024-01-01,Dining & restaurants,187.99
4698,2024-01-01,Dining & restaurants,255.96
4699,2024-01-01,Dining & restaurants,891.47
4700,2024-01-01,Dining & restaurants,126.78
4701,2024-01-01,Dining & restaurants,261.65
4702,2024-01-01,Dining & restaurants,1368.65
4703,2024-01-01,Dining & restaurants,221.93
4704,2024-01-01,Dining & restaurants,572.29
4705,2024-01-01,Dining & restaurants,283.52
4706,2024-01-01,Dining & restaurants,200.03
4707,2024-01-01,Dining & restaurants,145.37
4708,2024-01-01,Dining & restaurants,310.21
4709,2024-01-01,Dining & restaurants,321.75
4710,2024-01-01,Dining & restaurants,194.92
4711,2024-01-01,Dining & restaurants,271.96
4712,2024-01-01,Dining & restaurants,152.86
4713,2024-01-01,Dining & restaurants,253.72
4714,2024-01-01,Dining & restaurants,148.43
4715,2024-01-01,Dining & restaurants,82.58
4716,2024-01-01,Dining & restaurants,154.63
4717,2024-01-01,Dining & restaurants,177.93
4718,2024-01-01,Dining & restaurants,47.02
4719,2024-01-01,Dining & restaurants,489.13
4720,2024-01-01,Dining & restaurants,111.69
4721,2024-01-01,Dining & restaurants,102.28
4722,2024-01-01,Dining & restaurants,711.05
4723,2024-01-01,Dining & restaurants,314.23
4724,2024-01-01,Dining & restaurants,586.03
4725,2024-01-01,Dining & restaurants,549.26
4726,2024-01-01,Dining & restaurants,334.49
4727,2024-01-01,Dining & restaurants,90.38
4728,2024-01-01,Dining & restaurants,172.88
4729,2024-01-01,Dining & restaurants,130.48
4730,2024-01-01,Dining & restaurants,250.03
4731,2024-01-01,Dining & restaurants,252.15
4732,2024-01-01,Dining & restaurants,1095.3
4733,2024-01-01,Dining & restaurants,108.04
4734,2024-01-01,Dining & restaurants,136.89
4735,2024-01-01,Dining & restaurants,232.74
4736,2024-01-01,Dining & restaurants,232.42
4737,2024-01-01,Dining & restaurants,128.12
4738,2024-01-01,Dining & restaurants,102.5
4739,2024-01-01,Dining & restaurants,775.77
4740,2024-01-01,Dining & restaurants,585.73
4741,2024-01-01,Dining & restaurants,88.75
4742,2024-01-01,Dining & restaurants,538.06
4743,2024-01-01,Dining & restaurants,212.33
4744,2024-01-01,Dining & restaurants,64.74
4745,2024-01-01,Dining & restaurants,125.7
4746,2024-01-01,Dining & restaurants,507.39
4747,2024-01-01,Dining & restaurants,426.3
4748,2024-01-01,Dining & restaurants,964.01
4749,2024-01-01,Dining & restaurants,221.27
4750,2024-01-01,Dining & restaurants,364.46
4751,2024-01-01,Dining & restaurants,354.03
4752,2024-01-01,Dining & restaurants,307.0
4753,2024-01-01,Dining & restaurants,202.63
4754,2024-01-01,Dining & restaurants,562.18
4755,2024-01-01,Dining & restaurants,313.54
4756,2024-01-01,Dining & restaurants,189.94
4757,2024-01-01,Dining & restaurants,573.95
4758,2024-01-01,Dining & restaurants,418.65
4759,2024-01-01,Dining & restaurants,149.96
4760,2024-01-01,Dining & restaurants,54.13
4761,2024-01-01,Dining & restaurants,711.58
4762,2024-01-01,Dining & restaurants,53.61
4763,2024-01-01,Dining & restaurants,178.8
4764,2024-01-01,Dining & restaurants,839.79
4765,2024-01-01,Dining & restaurants,243.58
4766,2024-01-01,Dining & restaurants,48.12
4767,2024-01-01,Dining & restaurants,171.08
4768,2024-01-01,Dining & restaurants,239.83
4769,2024-01-01,Dining & restaurants,152.39
4770,2024-01-01,Dining & restaurants,324.02
4771,2024-01-01,Dining & restaurants,1248.3
4772,2024-01-01,Dining & restaurants,364.54
4773,2024-01-01,Dining & restaurants,1231.88
4774,2024-01-01,Dining & restaurants,244.78
4775,2024-01-01,Dining & restaurants,215.54
4776,2024-01-01,Dining & restaurants,72.41
4777,2024-01-01,Dining & restaurants,800.39
4778,2024-01-01,Dining & restaurants,210.52
4779,2024-01-01,Dining & restaurants,151.73
4780,2024-01-01,Dining & restaurants,403.19
4781,2024-01-01,Dining & restaurants,741.48
4782,2024-01-01,Dining & restaurants,526.94
4783,2024-01-01,Dining & restaurants,233.2
4784,2024-01-01,Dining & restaurants,232.16
4785,2024-01-01,Dining & restaurants,262.1
4786,2024-01-01,Dining & restaurants,264.33
4787,2024-01-01,Dining & restaurants,404.31
4788,2024-01-01,Dining & restaurants,262.21
4789,2024-01-01,Dining & restaurants,102.78
4790,2024-01-01,Dining & restaurants,1013.48
4791,2024-01-01,Dining & restaurants,513.25
4792,2024-01-01,Dining & restaurants,52.47
4793,2024-01-01,Dining & restaurants,1024.69
4794,2024-01-01,Dining & restaurants,986.37
4795,2024-01-01,Dining & restaurants,598.12
4796,2024-01-01,Dining & restaurants,2684.38
4797,2024-01-01,Dining & restaurants,205.26
4798,2024-01-01,Dining & restaurants,150.0
4799,2024-01-01,Dining & restaurants,244.78
4800,2024-01-01,Dining & restaurants,110.93
4801,2024-01-01,Dining & restaurants,483.86
4802,2024-01-01,Dining & restaurants,424.75
4803,2024-01-01,Dining & restaurants,326.88
4804,2024-01-01,Dining & restaurants,235.07
4805,2024-01-01,Dining & restaurants,31.82
4806,2024-01-01,Dining & restaurants,333.38
4807,2024-01-01,Dining & restaurants,190.74
4808,2024-01-01,Dining & restaurants,107.88
4809,2024-01-01,Dining & restaurants,160.03
4810,2024-01-01,Dining & restaurants,133.02
4811,2024-01-01,Dining & restaurants,119.88
4812,2024-01-01,Dining & restaurants,498.35
4813,2024-01-01,Dining & restaurants,387.48
4814,2024-01-01,Dining & restaurants,70.5
4815,2024-01-01,Dining & restaurants,315.38
4816,2024-01-01,Dining & restaurants,54.08
4817,2024-01-01,Dining & restaurants,151.9
4818,2024-01-01,Dining & restaurants,304.01
4819,2024-01-01,Dining & restaurants,109.95
4820,2024-01-01,Dining & restaurants,1219.52
4821,2024-01-01,Dining & restaurants,291.76
4822,2024-01-01,Dining & restaurants,747.4
4823,2024-01-01,Dining & restaurants,295.86
4824,2024-01-01,Dining & restaurants,812.54
4825,2024-01-01,Dining & restaurants,257.85
4826,2024-01-01,Dining & restaurants,466.83
4827,2024-01-01,Dining & restaurants,195.27
4828,2024-01-01,Dining & restaurants,264.75
4829,2024-01-01,Dining & restaurants,325.03
4830,2024-01-01,Dining & restaurants,360.31
4831,2024-01-01,Dining & restaurants,175.9
4832,2024-01-01,Dining & restaurants,263.55
4833,2024-01-01,Dining & restaurants,83.67
4834,2024-01-01,Dining & restaurants,130.31
4835,2024-01-01,Dining & restaurants,64.81
4836,2024-01-01,Dining & restaurants,231.78
4837,2024-01-01,Dining & restaurants,114.8
4838,2024-01-01,Dining & restaurants,333.32
4839,2024-01-01,Dining & restaurants,222.21
4840,2024-01-01,Dining & restaurants,457.84
4841,2024-01-01,Dining & restaurants,166.39
4842,2024-01-01,Dining & restaurants,139.2
4843,2024-01-01,Dining & restaurants,754.94
4844,2024-01-01,Dining & restaurants,702.15
4845,2024-01-01,Dining & restaurants,112.31
4846,2024-01-01,Dining & restaurants,283.61
4847,2024-01-01,Dining & restaurants,157.12
4848,2024-01-01,Dining & restaurants,242.9
4849,2024-01-01,Dining & restaurants,102.81
4850,2024-01-01,Dining & restaurants,1103.8
4851,2024-01-01,Dining & restaurants,113.09
4852,2024-01-01,Dining & restaurants,356.09
4853,2024-01-01,Dining & restaurants,93.19
4854,2024-01-01,Dining & restaurants,604.96
4855,2024-01-01,Dining & restaurants,56.44
4856,2024-01-01,Dining & restaurants,432.4
4857,2024-01-01,Dining & restaurants,731.38
4858,2024-01-01,Dining & restaurants,93.52
4859,2024-01-01,Dining & restaurants,33.3
4860,2024-01-01,Dining & restaurants,632.3
4861,2024-01-01,Dining & restaurants,211.54
4862,2024-01-01,Dining & restaurants,422.97
4863,2024-01-01,Dining & restaurants,600.32
4864,2024-01-01,Dining & restaurants,418.8
4865,2024-01-01,Dining & restaurants,339.72
4866,2024-01-01,Dining & restaurants,329.94
4867,2024-01-01,Dining & restaurants,307.06
4868,2024-01-01,Dining & restaurants,478.35
4869,2024-01-01,Dining & restaurants,178.1
4870,2024-01-01,Dining & restaurants,131.96
4871,2024-01-01,Dining & restaurants,104.79
4872,2024-01-01,Dining & restaurants,2127.33
4873,2024-01-01,Dining & restaurants,568.13
4874,2024-01-01,Dining & restaurants,304.78
4875,2024-01-01,Dining & restaurants,235.25
4876,2024-01-01,Dining & restaurants,158.48
4877,2024-01-01,Dining & restaurants,156.2
4878,2024-01-01,Dining & restaurants,301.31
4879,2024-01-01,Dining & restaurants,315.34
4880,2024-01-01,Dining & restaurants,603.42
4881,2024-01-01,Dining & restaurants,568.55
4882,2024-01-01,Dining & restaurants,221.59
4883,2024-01-01,Dining & restaurants,230.14
4884,2024-01-01,Dining & restaurants,271.71
4885,2024-01-01,Dining & restaurants,320.15
4886,2024-01-01,Dining & restaurants,236.93
4887,2024-01-01,Dining & restaurants,376.18
4888,2024-01-01,Dining & restaurants,480.21
4889,2024-01-01,Dining & restaurants,287.03
4890,2024-01-01,Dining & restaurants,393.11
4891,2024-01-01,Dining & restaurants,108.01
4892,2024-01-01,Dining & restaurants,545.43
4893,2024-01-01,Dining & restaurants,174.86
4894,2024-01-01,Dining & restaurants,315.47
4895,2024-01-01,Dining & restaurants,748.81
4896,2024-01-01,Dining & restaurants,635.86
4897,2024-01-01,Dining & restaurants,686.94
4898,2024-01-01,Dining & restaurants,119.04
4899,2024-01-01,Dining & restaurants,410.93
4900,2024-01-01,Dining & restaurants,347.15
4901,2024-01-01,Dining & restaurants,723.48
4902,2024-01-01,Dining & restaurants,651.63
4903,2024-01-01,Dining & restaurants,217.62
4904,2024-01-01,Dining & restaurants,287.01
4905,2024-01-01,Dining & restaurants,184.82
4906,2024-01-01,Dining & restaurants,983.31
4907,2024-01-01,Dining & restaurants,81.16
4908,2024-01-01,Dining & restaurants,652.52
4909,2024-01-01,Dining & restaurants,155.85
4910,2024-01-01,Dining & restaurants,49.94
4911,2024-01-01,Dining & restaurants,140.45
4912,2024-01-01,Dining & restaurants,183.83
4913,2024-01-01,Dining & restaurants,437.37
4914,2024-01-01,Dining & restaurants,51.18
4915,2024-01-01,Dining & restaurants,1387.97
4916,2024-01-01,Dining & restaurants,88.87
4917,2024-01-01,Dining & restaurants,494.94
4918,2024-01-01,Dining & restaurants,734.09
4919,2024-01-01,Dining & restaurants,453.43
4920,2024-01-01,Dining & restaurants,245.27
4921,2024-01-01,Dining & restaurants,96.06
4922,2024-01-01,Dining & restaurants,140.62
4923,2024-01-01,Dining & restaurants,71.24
4924,2024-01-01,Dining & restaurants,344.46
4925,2024-01-01,Dining & restaurants,380.8
4926,2024-01-01,Dining & restaurants,431.65
4927,2024-01-01,Dining & restaurants,135.88
4928,2024-01-01,Dining & restaurants,214.51
4929,2024-01-01,Dining & restaurants,256.88
4930,2024-01-01,Dining & restaurants,124.38
4931,2024-01-01,Dining & restaurants,524.08
4932,2024-01-01,Dining & restaurants,488.98
4933,2024-01-01,Dining & restaurants,47.81
4934,2024-01-01,Dining & restaurants,372.09
4935,2024-01-01,Dining & restaurants,204.6
4936,2024-01-01,Dining & restaurants,214.11
4937,2024-01-01,Dining & restaurants,288.14
4938,2024-01-01,Dining & restaurants,187.13
4939,2024-01-01,Dining & restaurants,178.07
4940,2024-01-01,Dining & restaurants,176.71
4941,2024-01-01,Dining & restaurants,453.4
4942,2024-01-01,Dining & restaurants,192.07
4943,2024-01-01,Dining & restaurants,227.23
4944,2024-01-01,Dining & restaurants,185.08
4945,2024-01-01,Dining & restaurants,314.56
4946,2024-01-01,Dining & restaurants,204.57
4947,2024-01-01,Dining & restaurants,271.84
4948,2024-01-01,Dining & restaurants,165.89
4949,2024-01-01,Dining & restaurants,228.94
4950,2024-01-01,Dining & restaurants,274.85
4951,2024-01-01,Dining & restaurants,383.5
4952,2024-01-01,Dining & restaurants,275.83
4953,2024-01-01,Dining & restaurants,488.71
4954,2024-01-01,Dining & restaurants,323.52
4955,2024-01-01,Dining & restaurants,760.95
4956,2024-01-01,Dining & restaurants,176.45
4957,2024-01-01,Dining & restaurants,986.39
4958,2024-01-01,Dining & restaurants,67.56
4959,2024-01-01,Dining & restaurants,123.44
4960,2024-01-01,Dining & restaurants,189.34
4961,2024-01-01,Dining & restaurants,145.9
4962,2024-01-01,Dining & restaurants,388.41
4963,2024-01-01,Dining & restaurants,210.33
4964,2024-01-01,Dining & restaurants,64.73
4965,2024-01-01,Dining & restaurants,285.94
4966,2024-01-01,Dining & restaurants,230.27
4967,2024-01-01,Dining & restaurants,137.86
4968,2024-01-01,Dining & restaurants,220.41
4969,2024-01-01,Dining & restaurants,197.76
4970,2024-01-01,Dining & restaurants,436.3
4971,2024-01-01,Dining & restaurants,445.96
4972,2024-01-01,Dining & restaurants,181.86
4973,2024-01-01,Dining & restaurants,344.89
4974,2024-01-01,Dining & restaurants,1290.46
4975,2024-01-01,Dining & restaurants,238.4
4976,2024-01-01,Dining & restaurants,204.65
4977,2024-01-01,Dining & restaurants,628.91
4978,2024-01-01,Dining & restaurants,431.12
4979,2024-01-01,Dining & restaurants,255.62
4980,2024-01-01,Dining & restaurants,621.58
4981,2024-01-01,Dining & restaurants,82.06
4982,2024-01-01,Dining & restaurants,1926.03
4983,2024-01-01,Dining & restaurants,406.03
4984,2024-01-01,Dining & restaurants,196.1
4985,2024-01-01,Dining & restaurants,141.04
4986,2024-01-01,Dining & restaurants,290.86
4987,2024-01-01,Dining & restaurants,138.59
4988,2024-01-01,Dining & restaurants,166.24
4989,2024-01-01,Dining & restaurants,237.71
4990,2024-01-01,Dining & restaurants,129.75
4991,2024-01-01,Dining & restaurants,57.5
4992,2024-01-01,Dining & restaurants,389.5
4993,2024-01-01,Dining & restaurants,320.94
4994,2024-01-01,Dining & restaurants,155.68
4995,2024-01-01,Dining & restaurants,345.25
4996,2024-01-01,Dining & restaurants,258.39
4997,2024-01-01,Dining & restaurants,361.26
4998,2024-01-01,Dining & restaurants,102.6
4999,2024-01-01,Dining & restaurants,244.1
5000,2024-01-01,Dining & restaurants,224.14
